indicatorId,geoUnit,year,value,qualifier,magnitude
FOSGP.5T8.F500600700,ABW,2000,22.26276969909668,,
FOSGP.5T8.F500600700,ABW,2001,25.6944408416748,,
FOSGP.5T8.F500600700,ABW,2002,24.12450981140137,,
FOSGP.5T8.F500600700,ABW,2003,13.92045021057129,,
FOSGP.5T8.F500600700,ABW,2004,15,,
FOSGP.5T8.F500600700,ABW,2005,25.30611991882324,,
FOSGP.5T8.F500600700,ABW,2006,12.59259033203125,,
FOSGP.5T8.F500600700,ABW,2007,22.66666984558105,,
FOSGP.5T8.F500600700,ABW,2008,23.77622032165527,,
FOSGP.5T8.F500600700,ABW,2009,9.824560165405273,,
FOSGP.5T8.F500600700,ABW,2010,20.54264068603516,,
FOSGP.5T8.F500600700,ABW,2011,13.39031028747559,,
FOSGP.5T8.F500600700,ABW,2012,15.10297012329102,,
FOSGP.5T8.F500600700,ABW,2015,0,,NIL
FOSGP.5T8.F500600700,ABW,2016,2.222219944000244,,
FOSGP.5T8.F500600700,AFG,2020,11.24512004852295,,
FOSGP.5T8.F500600700,AGO,2002,18.60465049743652,,
FOSGP.5T8.F500600700,AGO,2015,12.01046456318377,,
FOSGP.5T8.F500600700,AIA,2007,0,,NIL
FOSGP.5T8.F500600700,ALB,2000,7.032730102539063,,
FOSGP.5T8.F500600700,ALB,2001,5.91165018081665,,
FOSGP.5T8.F500600700,ALB,2003,6.132259845733643,,
FOSGP.5T8.F500600700,ALB,2011,13.78547253319448,,
FOSGP.5T8.F500600700,ALB,2015,18.14512538952367,,
FOSGP.5T8.F500600700,ALB,2016,17.7203245895452,,
FOSGP.5T8.F500600700,ALB,2017,19.3524754149173,,
FOSGP.5T8.F500600700,ALB,2018,20.62858640878506,,
FOSGP.5T8.F500600700,ALB,2019,18.82147258605371,,
FOSGP.5T8.F500600700,ALB,2020,20.11006719571893,,
FOSGP.5T8.F500600700,ALB,2021,18.54083817681248,,
FOSGP.5T8.F500600700,ALB,2022,20.81203494014882,,
FOSGP.5T8.F500600700,ALB,2023,22.52866992962024,,
FOSGP.5T8.F500600700,ALB,2024,24.06271060192246,,
FOSGP.5T8.F500600700,AND,2002,34.48276138305664,,
FOSGP.5T8.F500600700,AND,2003,45.94594955444336,,
FOSGP.5T8.F500600700,AND,2004,37.77777862548828,,
FOSGP.5T8.F500600700,AND,2005,34.92063140869141,,
FOSGP.5T8.F500600700,AND,2006,38.09524154663086,,
FOSGP.5T8.F500600700,AND,2008,23.80952072143555,,
FOSGP.5T8.F500600700,AND,2012,7.317073170731707,,
FOSGP.5T8.F500600700,AND,2015,2.127659574468085,,
FOSGP.5T8.F500600700,AND,2016,5.555555555555555,,
FOSGP.5T8.F500600700,AND,2017,3.529411764705882,,
FOSGP.5T8.F500600700,AND,2018,13.46153846153846,,
FOSGP.5T8.F500600700,AND,2019,13.58024691358025,,
FOSGP.5T8.F500600700,AND,2020,19.62616822429906,,
FOSGP.5T8.F500600700,AND,2021,7.446808510638298,,
FOSGP.5T8.F500600700,AND,2022,28.18181818181818,,
FOSGP.5T8.F500600700,AND,2023,12.08053691275168,,
FOSGP.5T8.F500600700,AND,2024,32.23684210526316,,
FOSGP.5T8.F500600700,ARE,2018,30.16013379726638,,
FOSGP.5T8.F500600700,ARE,2019,30.98076038632531,,
FOSGP.5T8.F500600700,ARE,2020,33.1460244648318,,
FOSGP.5T8.F500600700,ARE,2021,34.75538231101005,,
FOSGP.5T8.F500600700,ARE,2022,36.19151771983186,,
FOSGP.5T8.F500600700,ARE,2023,36.20601407549584,,
FOSGP.5T8.F500600700,ARE,2024,36.45370142379166,,
FOSGP.5T8.F500600700,ARG,2006,13.78744983673096,,
FOSGP.5T8.F500600700,ARG,2007,12.85223960876465,,
FOSGP.5T8.F500600700,ARG,2008,12.20761013031006,,
FOSGP.5T8.F500600700,ARG,2009,14.45357036590576,,
FOSGP.5T8.F500600700,ARG,2010,13.63010025024414,,
FOSGP.5T8.F500600700,ARG,2011,13.62162017822266,,
FOSGP.5T8.F500600700,ARG,2016,16.13535721110308,,
FOSGP.5T8.F500600700,ARG,2017,16.22203026628349,,
FOSGP.5T8.F500600700,ARG,2018,16.04743564835449,,
FOSGP.5T8.F500600700,ARG,2019,15.42270152310061,,
FOSGP.5T8.F500600700,ARG,2020,14.1462971878675,,
FOSGP.5T8.F500600700,ARG,2021,15.04236432956476,,
FOSGP.5T8.F500600700,ARG,2022,14.80929515598783,,
FOSGP.5T8.F500600700,ARG,2023,14.71571906354515,,
FOSGP.5T8.F500600700,ARM,2010,16.01622764413462,,
FOSGP.5T8.F500600700,ARM,2015,13.29993167843316,,
FOSGP.5T8.F500600700,ARM,2016,11.26060781895989,,
FOSGP.5T8.F500600700,ARM,2017,14.72250398492972,,
FOSGP.5T8.F500600700,ARM,2018,15.16639935846031,,
FOSGP.5T8.F500600700,ARM,2019,17.14431934493347,,
FOSGP.5T8.F500600700,ARM,2020,16.64070612668743,,
FOSGP.5T8.F500600700,ARM,2021,17.716146500311,,
FOSGP.5T8.F500600700,ARM,2022,18.39042958129418,,
FOSGP.5T8.F500600700,ARM,2023,20.06307315656251,,
FOSGP.5T8.F500600700,ARM,2024,21.00440459336165,,
FOSGP.5T8.F500600700,ASM,2007,10.37736034393311,,
FOSGP.5T8.F500600700,ATG,2009,25,,
FOSGP.5T8.F500600700,ATG,2010,9.189189910888672,,
FOSGP.5T8.F500600700,ATG,2011,14.81480979919434,,
FOSGP.5T8.F500600700,ATG,2012,4.724410057067871,,
FOSGP.5T8.F500600700,AUS,2000,20.30216979980469,,
FOSGP.5T8.F500600700,AUS,2002,22.9478702545166,,
FOSGP.5T8.F500600700,AUS,2003,22.57109069824219,,
FOSGP.5T8.F500600700,AUS,2005,22.17170906066895,,
FOSGP.5T8.F500600700,AUS,2006,20.31905937194824,,
FOSGP.5T8.F500600700,AUS,2007,19.08358955383301,,
FOSGP.5T8.F500600700,AUS,2008,18.34757995605469,,
FOSGP.5T8.F500600700,AUS,2009,17.27754020690918,,
FOSGP.5T8.F500600700,AUS,2011,16.67865943908691,,
FOSGP.5T8.F500600700,AUS,2013,17.00458908081055,,
FOSGP.5T8.F500600700,AUS,2014,17.5716495513916,,
FOSGP.5T8.F500600700,AUS,2015,17.6376895904541,,
FOSGP.5T8.F500600700,AUS,2017,18.42956924438477,,
FOSGP.5T8.F500600700,AUS,2018,17.39794921875,,
FOSGP.5T8.F500600700,AUS,2019,18.63032913208008,,
FOSGP.5T8.F500600700,AUS,2020,20.5498104095459,,
FOSGP.5T8.F500600700,AUS,2021,20.67756080627441,,
FOSGP.5T8.F500600700,AUS,2022,19.14706993103027,,
FOSGP.5T8.F500600700,AUS,2023,18.88301086425781,,
FOSGP.5T8.F500600700,AUT,2007,31.17363929748535,,
FOSGP.5T8.F500600700,AUT,2008,30.21138954162598,,
FOSGP.5T8.F500600700,AUT,2009,30.22236061096191,,
FOSGP.5T8.F500600700,AUT,2010,30.86039924621582,,
FOSGP.5T8.F500600700,AUT,2011,30.32530975341797,,
FOSGP.5T8.F500600700,AUT,2012,28.48385047912598,,
FOSGP.5T8.F500600700,AUT,2013,28.45259094238281,,
FOSGP.5T8.F500600700,AUT,2014,30.89188003540039,,
FOSGP.5T8.F500600700,AUT,2015,29.27169990539551,,
FOSGP.5T8.F500600700,AUT,2016,30.29507064819336,,
FOSGP.5T8.F500600700,AUT,2018,31.03226089477539,,
FOSGP.5T8.F500600700,AUT,2019,31.3967399597168,,
FOSGP.5T8.F500600700,AUT,2020,30.57451057434082,,
FOSGP.5T8.F500600700,AUT,2021,30.5959300994873,,
FOSGP.5T8.F500600700,AUT,2022,31.05179023742676,,
FOSGP.5T8.F500600700,AUT,2023,30.48710060119629,,
FOSGP.5T8.F500600700,AUT,2024,30.56595039367676,,
FOSGP.5T8.F500600700,AZE,2008,18.61330032348633,,
FOSGP.5T8.F500600700,AZE,2009,16.07588958740234,,
FOSGP.5T8.F500600700,AZE,2010,16.69602661969074,,
FOSGP.5T8.F500600700,AZE,2011,16.29105502164959,,
FOSGP.5T8.F500600700,AZE,2012,16.33360261915898,,
FOSGP.5T8.F500600700,AZE,2015,24.08529601632619,,
FOSGP.5T8.F500600700,AZE,2016,24.21987052758072,,
FOSGP.5T8.F500600700,AZE,2017,23.61431236966305,,
FOSGP.5T8.F500600700,AZE,2018,23.52158240133099,,
FOSGP.5T8.F500600700,AZE,2019,25.90973534971645,,
FOSGP.5T8.F500600700,AZE,2020,24.15965564468793,,
FOSGP.5T8.F500600700,AZE,2021,24.16160171612442,,
FOSGP.5T8.F500600700,AZE,2022,25.2904158656611,,
FOSGP.5T8.F500600700,AZE,2023,26.47589255789457,,
FOSGP.5T8.F500600700,AZE,2024,25.12595552466991,,
FOSGP.5T8.F500600700,BDI,2001,4.461939811706543,,
FOSGP.5T8.F500600700,BDI,2004,12.82495975494385,,
FOSGP.5T8.F500600700,BDI,2010,11.91672992706299,,
FOSGP.5T8.F500600700,BDI,2015,14.90059146298012,,
FOSGP.5T8.F500600700,BDI,2016,24.28947863730472,,
FOSGP.5T8.F500600700,BDI,2017,20.63281546040167,,
FOSGP.5T8.F500600700,BDI,2018,19.67245657568238,,
FOSGP.5T8.F500600700,BDI,2025,9.75259017944336,,
FOSGP.5T8.F500600700,BEL,2000,19.37998962402344,,
FOSGP.5T8.F500600700,BEL,2001,19.31283950805664,,
FOSGP.5T8.F500600700,BEL,2002,19.3764705657959,,
FOSGP.5T8.F500600700,BEL,2006,17.18293952941895,,
FOSGP.5T8.F500600700,BEL,2008,16.07127952575684,,
FOSGP.5T8.F500600700,BEL,2009,16.36945915222168,,
FOSGP.5T8.F500600700,BEL,2010,16.33023071289063,,
FOSGP.5T8.F500600700,BEL,2011,16.72825050354004,,
FOSGP.5T8.F500600700,BEL,2012,16.65111923217773,,
FOSGP.5T8.F500600700,BEL,2013,17.29079055786133,,
FOSGP.5T8.F500600700,BEL,2014,17.97488975524902,,
FOSGP.5T8.F500600700,BEL,2015,17.3828296661377,,
FOSGP.5T8.F500600700,BEL,2016,17.05458068847656,,
FOSGP.5T8.F500600700,BEL,2017,16.70148086547852,,
FOSGP.5T8.F500600700,BEL,2018,16.98965072631836,,
FOSGP.5T8.F500600700,BEL,2019,17.55337905883789,,
FOSGP.5T8.F500600700,BEL,2020,17.58300018310547,,
FOSGP.5T8.F500600700,BEL,2021,18.60499000549316,,
FOSGP.5T8.F500600700,BEL,2022,18.80686950683594,,
FOSGP.5T8.F500600700,BEL,2023,19.39262008666992,,
FOSGP.5T8.F500600700,BEN,2011,13.24118995666504,,
FOSGP.5T8.F500600700,BEN,2014,14.2463903427124,,
FOSGP.5T8.F500600700,BEN,2015,20.70981979370117,,
FOSGP.5T8.F500600700,BEN,2018,20.91008949279785,,
FOSGP.5T8.F500600700,BEN,2019,23.96076965332031,,
FOSGP.5T8.F500600700,BEN,2020,19.65751075744629,,
FOSGP.5T8.F500600700,BEN,2021,21.75691032409668,,
FOSGP.5T8.F500600700,BEN,2022,21.76304054260254,,
FOSGP.5T8.F500600700,BFA,2010,23.33403627161535,,
FOSGP.5T8.F500600700,BFA,2011,22.83181953430176,,
FOSGP.5T8.F500600700,BFA,2012,20.04118616144975,,
FOSGP.5T8.F500600700,BFA,2014,15.92790387182911,,
FOSGP.5T8.F500600700,BFA,2015,15.52604698672114,,
FOSGP.5T8.F500600700,BFA,2016,14.59435900628852,,
FOSGP.5T8.F500600700,BFA,2017,15.42149420695166,,
FOSGP.5T8.F500600700,BFA,2018,19.67859892224788,,
FOSGP.5T8.F500600700,BFA,2019,20.2646038172354,,
FOSGP.5T8.F500600700,BFA,2020,20.34582132564841,,
FOSGP.5T8.F500600700,BFA,2021,20.67566873748524,,
FOSGP.5T8.F500600700,BFA,2022,25.33752860411899,,
FOSGP.5T8.F500600700,BFA,2024,61.4018018018018,,
FOSGP.5T8.F500600700,BGD,2016,11.27611835931404,,
FOSGP.5T8.F500600700,BGD,2017,11.27611835937262,,
FOSGP.5T8.F500600700,BGD,2018,11.22638229355694,,
FOSGP.5T8.F500600700,BGD,2019,11.14588648266696,,
FOSGP.5T8.F500600700,BGD,2020,11.14584534507733,,
FOSGP.5T8.F500600700,BGR,2000,18.29059028625488,,
FOSGP.5T8.F500600700,BGR,2001,20.5898494720459,,
FOSGP.5T8.F500600700,BGR,2002,27.60330963134766,,
FOSGP.5T8.F500600700,BGR,2003,21.31269073486328,,
FOSGP.5T8.F500600700,BGR,2004,22.04233932495117,,
FOSGP.5T8.F500600700,BGR,2005,22.01008033752441,,
FOSGP.5T8.F500600700,BGR,2007,22.11540985107422,,
FOSGP.5T8.F500600700,BGR,2008,18.9400806427002,,
FOSGP.5T8.F500600700,BGR,2009,19.88997077941895,,
FOSGP.5T8.F500600700,BGR,2010,20.844970703125,,
FOSGP.5T8.F500600700,BGR,2011,20.19112014770508,,
FOSGP.5T8.F500600700,BGR,2012,22.67581939697266,,
FOSGP.5T8.F500600700,BGR,2013,21.20049095153809,,
FOSGP.5T8.F500600700,BGR,2014,21.04681968688965,,
FOSGP.5T8.F500600700,BGR,2015,20.80999946594238,,
FOSGP.5T8.F500600700,BGR,2016,19.66448020935059,,
FOSGP.5T8.F500600700,BGR,2017,20.51326942443848,,
FOSGP.5T8.F500600700,BGR,2018,19.27680015563965,,
FOSGP.5T8.F500600700,BGR,2019,19.8157901763916,,
FOSGP.5T8.F500600700,BGR,2020,19.50598907470703,,
FOSGP.5T8.F500600700,BGR,2021,20.37264060974121,,
FOSGP.5T8.F500600700,BGR,2023,19.90139961242676,,
FOSGP.5T8.F500600700,BHR,2003,18.63014030456543,,
FOSGP.5T8.F500600700,BHR,2005,19.91205978393555,,
FOSGP.5T8.F500600700,BHR,2006,17.91044998168945,,
FOSGP.5T8.F500600700,BHR,2015,18.92461781760675,,
FOSGP.5T8.F500600700,BHR,2016,17.01865268999537,,
FOSGP.5T8.F500600700,BHR,2017,15.59157212317666,,
FOSGP.5T8.F500600700,BHR,2018,16.1459212970782,,
FOSGP.5T8.F500600700,BHR,2019,15.59016643762406,,
FOSGP.5T8.F500600700,BHR,2020,15.49412577747063,,
FOSGP.5T8.F500600700,BHR,2021,15.77717179587066,,
FOSGP.5T8.F500600700,BHR,2022,16.36216466234968,,
FOSGP.5T8.F500600700,BHR,2023,17.98959011060508,,
FOSGP.5T8.F500600700,BHR,2024,18.48497762625187,,
FOSGP.5T8.F500600700,BIH,2015,16.97994041442871,,
FOSGP.5T8.F500600700,BIH,2016,19.70846939086914,,
FOSGP.5T8.F500600700,BIH,2017,20.31225967407227,,
FOSGP.5T8.F500600700,BIH,2018,21.21636009216309,,
FOSGP.5T8.F500600700,BIH,2019,23.5224494934082,,
FOSGP.5T8.F500600700,BIH,2020,23.32111930847168,,
FOSGP.5T8.F500600700,BIH,2021,23.96216011047363,,
FOSGP.5T8.F500600700,BIH,2022,24.51832962036133,,
FOSGP.5T8.F500600700,BIH,2023,24.16098022460938,,
FOSGP.5T8.F500600700,BLR,2004,24.98780059814453,,
FOSGP.5T8.F500600700,BLR,2005,25.72697067260742,,
FOSGP.5T8.F500600700,BLR,2007,26.27042961120605,,
FOSGP.5T8.F500600700,BLR,2015,33.49278544542032,,
FOSGP.5T8.F500600700,BLR,2016,33.14885106730338,,
FOSGP.5T8.F500600700,BLR,2017,33.23203876015442,,
FOSGP.5T8.F500600700,BLR,2018,33.86252335846382,,
FOSGP.5T8.F500600700,BLR,2019,34.68388454995724,,
FOSGP.5T8.F500600700,BLR,2020,35.45761205486092,,
FOSGP.5T8.F500600700,BLR,2021,34.61438316929647,,
FOSGP.5T8.F500600700,BLR,2022,31.9508608732832,,
FOSGP.5T8.F500600700,BLR,2023,36.7696826511717,,
FOSGP.5T8.F500600700,BLR,2024,35.40045792657227,,
FOSGP.5T8.F500600700,BLZ,2015,18.01059446733372,,
FOSGP.5T8.F500600700,BLZ,2020,21.39253279515641,,
FOSGP.5T8.F500600700,BLZ,2021,18.39021905247071,,
FOSGP.5T8.F500600700,BLZ,2022,23.59171882522869,,
FOSGP.5T8.F500600700,BLZ,2023,20.15446855461567,,
FOSGP.5T8.F500600700,BLZ,2024,22.62423714036617,,
FOSGP.5T8.F500600700,BMU,2001,15.15151977539063,,
FOSGP.5T8.F500600700,BMU,2005,18.36734962463379,,
FOSGP.5T8.F500600700,BMU,2007,22.15568923950195,,
FOSGP.5T8.F500600700,BMU,2009,23.74101066589355,,
FOSGP.5T8.F500600700,BMU,2010,22.10526084899902,,
FOSGP.5T8.F500600700,BMU,2011,23.95833015441895,,
FOSGP.5T8.F500600700,BMU,2012,30.97344970703125,,
FOSGP.5T8.F500600700,BMU,2015,23.6842098236084,,
FOSGP.5T8.F500600700,BMU,2017,20.43795967102051,,
FOSGP.5T8.F500600700,BMU,2018,38.02817153930664,,
FOSGP.5T8.F500600700,BMU,2023,26.96628952026367,,
FOSGP.5T8.F500600700,BRA,2001,13.39323997497559,,
FOSGP.5T8.F500600700,BRA,2002,12.80331039428711,,
FOSGP.5T8.F500600700,BRA,2003,12.56602954864502,,
FOSGP.5T8.F500600700,BRA,2004,12.36880970001221,,
FOSGP.5T8.F500600700,BRA,2005,12.34566974639893,,
FOSGP.5T8.F500600700,BRA,2007,13.04442977905273,,
FOSGP.5T8.F500600700,BRA,2008,12.34484958648682,,
FOSGP.5T8.F500600700,BRA,2009,12.77501010894775,,
FOSGP.5T8.F500600700,BRA,2010,12.28639984130859,,
FOSGP.5T8.F500600700,BRA,2011,12.20433044433594,,
FOSGP.5T8.F500600700,BRA,2012,12.96057987213135,,
FOSGP.5T8.F500600700,BRA,2014,16.14632987976074,,
FOSGP.5T8.F500600700,BRA,2015,15.34799957275391,,
FOSGP.5T8.F500600700,BRA,2016,16.85954093933105,,
FOSGP.5T8.F500600700,BRA,2017,17.73360061645508,,
FOSGP.5T8.F500600700,BRA,2018,18.36664962768555,,
FOSGP.5T8.F500600700,BRA,2019,18.53487968444824,,
FOSGP.5T8.F500600700,BRA,2020,17.4974193572998,,
FOSGP.5T8.F500600700,BRA,2022,16.2669792175293,,
FOSGP.5T8.F500600700,BRA,2023,16.18486976623535,,
FOSGP.5T8.F500600700,BRB,2011,14.98534951862704,,
FOSGP.5T8.F500600700,BRN,2000,11.33568000793457,,
FOSGP.5T8.F500600700,BRN,2001,12.16341972351074,,
FOSGP.5T8.F500600700,BRN,2003,8.220939636230469,,
FOSGP.5T8.F500600700,BRN,2004,11.38329029083252,,
FOSGP.5T8.F500600700,BRN,2005,10.65332984924316,,
FOSGP.5T8.F500600700,BRN,2006,8.94828987121582,,
FOSGP.5T8.F500600700,BRN,2007,14.25914001464844,,
FOSGP.5T8.F500600700,BRN,2008,15.02591037750244,,
FOSGP.5T8.F500600700,BRN,2009,15.09210014343262,,
FOSGP.5T8.F500600700,BRN,2010,21.91044998168945,,
FOSGP.5T8.F500600700,BRN,2011,20.73911094665527,,
FOSGP.5T8.F500600700,BRN,2012,18.2568302154541,,
FOSGP.5T8.F500600700,BRN,2015,30.49132919311523,,
FOSGP.5T8.F500600700,BRN,2018,39.22747039794922,,
FOSGP.5T8.F500600700,BRN,2019,40.14437866210938,,
FOSGP.5T8.F500600700,BRN,2020,38.38647079467773,,
FOSGP.5T8.F500600700,BRN,2023,35.86463928222656,,
FOSGP.5T8.F500600700,BWA,2001,8.244680404663086,,
FOSGP.5T8.F500600700,BWA,2002,13.64204978942871,,
FOSGP.5T8.F500600700,BWA,2020,18.50805312235094,,
FOSGP.5T8.F500600700,BWA,2021,19.73843058350101,,
FOSGP.5T8.F500600700,BWA,2022,19.0912591451675,,
FOSGP.5T8.F500600700,BWA,2023,18.13851954752927,,
FOSGP.5T8.F500600700,BWA,2024,10.93648619421815,,
FOSGP.5T8.F500600700,CAN,2013,20.71710968017578,NAT_EST,
FOSGP.5T8.F500600700,CAN,2014,20.43725967407227,NAT_EST,
FOSGP.5T8.F500600700,CAN,2015,20.02749061584473,NAT_EST,
FOSGP.5T8.F500600700,CAN,2016,21.30080986022949,NAT_EST,
FOSGP.5T8.F500600700,CAN,2018,22.37561988830566,,
FOSGP.5T8.F500600700,CAN,2019,25.05427932739258,,
FOSGP.5T8.F500600700,CAN,2020,25.70546913146973,,
FOSGP.5T8.F500600700,CAN,2021,26.18910980224609,,
FOSGP.5T8.F500600700,CAN,2022,25.93584060668945,,
FOSGP.5T8.F500600700,CAN,2023,25.12874984741211,,
FOSGP.5T8.F500600700,CHE,2000,25.27603912353516,,
FOSGP.5T8.F500600700,CHE,2001,24.39790916442871,,
FOSGP.5T8.F500600700,CHE,2002,23.9432201385498,,
FOSGP.5T8.F500600700,CHE,2003,22.54015922546387,,
FOSGP.5T8.F500600700,CHE,2004,22.48036003112793,,
FOSGP.5T8.F500600700,CHE,2005,23.97430992126465,,
FOSGP.5T8.F500600700,CHE,2006,22.97433090209961,,
FOSGP.5T8.F500600700,CHE,2008,21.36356925964355,,
FOSGP.5T8.F500600700,CHE,2009,22.35676002502441,,
FOSGP.5T8.F500600700,CHE,2010,20.7226505279541,,
FOSGP.5T8.F500600700,CHE,2011,21.82391929626465,,
FOSGP.5T8.F500600700,CHE,2013,23.03043937683105,,
FOSGP.5T8.F500600700,CHE,2014,23.25597953796387,,
FOSGP.5T8.F500600700,CHE,2015,24.38324928283691,,
FOSGP.5T8.F500600700,CHE,2016,24.53046035766602,,
FOSGP.5T8.F500600700,CHE,2017,24.8523006439209,,
FOSGP.5T8.F500600700,CHE,2018,25.21236991882324,,
FOSGP.5T8.F500600700,CHE,2019,25.35177040100098,,
FOSGP.5T8.F500600700,CHE,2020,25.17020034790039,,
FOSGP.5T8.F500600700,CHE,2021,25.32761001586914,,
FOSGP.5T8.F500600700,CHE,2022,25.19013023376465,,
FOSGP.5T8.F500600700,CHE,2023,25.28520965576172,,
FOSGP.5T8.F500600700,CHL,2004,26.46163940429688,,
FOSGP.5T8.F500600700,CHL,2006,26.51939964294434,,
FOSGP.5T8.F500600700,CHL,2007,26.98405075073242,,
FOSGP.5T8.F500600700,CHL,2008,22.67700004577637,,
FOSGP.5T8.F500600700,CHL,2009,20.97281074523926,,
FOSGP.5T8.F500600700,CHL,2010,20.53292083740234,,
FOSGP.5T8.F500600700,CHL,2012,19.54034042358398,,
FOSGP.5T8.F500600700,CHL,2013,19.26935005187988,,
FOSGP.5T8.F500600700,CHL,2014,19.9736499786377,,
FOSGP.5T8.F500600700,CHL,2015,20.1032600402832,,
FOSGP.5T8.F500600700,CHL,2016,19.90402984619141,,
FOSGP.5T8.F500600700,CHL,2017,20.46533966064453,,
FOSGP.5T8.F500600700,CHL,2018,20.94617080688477,,
FOSGP.5T8.F500600700,CHL,2019,20.5681095123291,,
FOSGP.5T8.F500600700,CHL,2020,21.40974044799805,,
FOSGP.5T8.F500600700,CHL,2021,20.5056095123291,,
FOSGP.5T8.F500600700,CHL,2022,21.38279914855957,,
FOSGP.5T8.F500600700,CHL,2023,22.32272911071777,,
FOSGP.5T8.F500600700,CHL,2024,22.63002967834473,,
FOSGP.5T8.F500600700,CMR,2006,24.91198921203613,,
FOSGP.5T8.F500600700,CMR,2008,18.74706077575684,,
FOSGP.5T8.F500600700,CMR,2010,21.33558162025442,,
FOSGP.5T8.F500600700,CMR,2015,16.66440604400076,,
FOSGP.5T8.F500600700,CMR,2019,30.46286144991092,,
FOSGP.5T8.F500600700,CMR,2020,32.73357147994534,,
FOSGP.5T8.F500600700,CMR,2021,37.89575705362912,,
FOSGP.5T8.F500600700,CMR,2022,31.69653548335595,,
FOSGP.5T8.F500600700,CMR,2023,31.03282178742425,,
FOSGP.5T8.F500600700,CMR,2024,27.6901263570525,,
FOSGP.5T8.F500600700,COD,2016,15.4623498916626,,
FOSGP.5T8.F500600700,COG,2017,15.13064002990723,,
FOSGP.5T8.F500600700,COK,2015,3.048780487804878,,
FOSGP.5T8.F500600700,COK,2023,0,,NIL
FOSGP.5T8.F500600700,COL,2002,24.69111061096191,,
FOSGP.5T8.F500600700,COL,2011,22.93423080444336,,
FOSGP.5T8.F500600700,COL,2012,22.12730026245117,,
FOSGP.5T8.F500600700,COL,2014,23.28125,,
FOSGP.5T8.F500600700,COL,2015,22.70119094848633,,
FOSGP.5T8.F500600700,COL,2016,23.63948059082031,,
FOSGP.5T8.F500600700,COL,2017,23.66474914550781,,
FOSGP.5T8.F500600700,COL,2018,23.12693023681641,,
FOSGP.5T8.F500600700,COL,2019,24.63013076782227,,
FOSGP.5T8.F500600700,COL,2020,23.51935958862305,,
FOSGP.5T8.F500600700,COL,2021,23.9112491607666,,
FOSGP.5T8.F500600700,COL,2023,23.29042053222656,,
FOSGP.5T8.F500600700,CPV,2016,11.42443962400579,,
FOSGP.5T8.F500600700,CPV,2017,16.41659311562224,,
FOSGP.5T8.F500600700,CPV,2018,16.12676056338028,,
FOSGP.5T8.F500600700,CRI,2001,13.35190010070801,,
FOSGP.5T8.F500600700,CRI,2002,12.26618003845215,,
FOSGP.5T8.F500600700,CRI,2007,13.67759990692139,,
FOSGP.5T8.F500600700,CRI,2010,11.43253993988037,,
FOSGP.5T8.F500600700,CRI,2011,12.44604015350342,,
FOSGP.5T8.F500600700,CRI,2015,12.87716960906982,,
FOSGP.5T8.F500600700,CRI,2016,13.09072971343994,,
FOSGP.5T8.F500600700,CRI,2017,14.39941024780273,,
FOSGP.5T8.F500600700,CRI,2018,15.45586967468262,,
FOSGP.5T8.F500600700,CRI,2019,15.11316013336182,,
FOSGP.5T8.F500600700,CRI,2020,16.22776031494141,,
FOSGP.5T8.F500600700,CRI,2021,15.71689033508301,,
FOSGP.5T8.F500600700,CRI,2022,15.77507019042969,,
FOSGP.5T8.F500600700,CRI,2023,17.14079093933105,,
FOSGP.5T8.F500600700,CUB,2002,13.12790012359619,,
FOSGP.5T8.F500600700,CUB,2012,3.471347444501807,,
FOSGP.5T8.F500600700,CUB,2016,8.749857956851349,,
FOSGP.5T8.F500600700,CUB,2019,20.83716844851923,,
FOSGP.5T8.F500600700,CUB,2020,14.38186095138526,,
FOSGP.5T8.F500600700,CUB,2021,12.27475959056661,,
FOSGP.5T8.F500600700,CUB,2023,9.570155576656198,,
FOSGP.5T8.F500600700,CUB,2024,7.267521692514853,,
FOSGP.5T8.F500600700,CYM,2006,18.57143020629883,,
FOSGP.5T8.F500600700,CYM,2007,42.10525894165039,,
FOSGP.5T8.F500600700,CYM,2008,35.26786041259766,,
FOSGP.5T8.F500600700,CYP,2002,13.13842964172363,,
FOSGP.5T8.F500600700,CYP,2003,12.79743003845215,,
FOSGP.5T8.F500600700,CYP,2006,13.91913032531738,,
FOSGP.5T8.F500600700,CYP,2007,12.35095977783203,,
FOSGP.5T8.F500600700,CYP,2008,12.60365009307861,,
FOSGP.5T8.F500600700,CYP,2009,13.68863010406494,,
FOSGP.5T8.F500600700,CYP,2010,13.29903030395508,,
FOSGP.5T8.F500600700,CYP,2011,17.21463012695313,,
FOSGP.5T8.F500600700,CYP,2012,21.86943054199219,,
FOSGP.5T8.F500600700,CYP,2013,19.01165008544922,,
FOSGP.5T8.F500600700,CYP,2014,17.01662063598633,,
FOSGP.5T8.F500600700,CYP,2015,17.37816047668457,,
FOSGP.5T8.F500600700,CYP,2016,15.89074039459229,,
FOSGP.5T8.F500600700,CYP,2017,14.97206020355225,,
FOSGP.5T8.F500600700,CYP,2018,15.14920043945313,,
FOSGP.5T8.F500600700,CYP,2019,13.59119987487793,,
FOSGP.5T8.F500600700,CYP,2020,13.11159992218018,,
FOSGP.5T8.F500600700,CYP,2021,11.16790962219238,,
FOSGP.5T8.F500600700,CYP,2022,10.20003986358643,,
FOSGP.5T8.F500600700,CYP,2023,11.25047969818115,,
FOSGP.5T8.F500600700,CYP,2024,10.75557994842529,,
FOSGP.5T8.F500600700,CZE,2000,24.71335983276367,,
FOSGP.5T8.F500600700,CZE,2001,22.24896049499512,,
FOSGP.5T8.F500600700,CZE,2002,23.44035911560059,,
FOSGP.5T8.F500600700,CZE,2003,22.90897941589355,,
FOSGP.5T8.F500600700,CZE,2004,22.75629997253418,,
FOSGP.5T8.F500600700,CZE,2005,22.52743911743164,,
FOSGP.5T8.F500600700,CZE,2007,24.87961959838867,,
FOSGP.5T8.F500600700,CZE,2008,26.03095054626465,,
FOSGP.5T8.F500600700,CZE,2009,24.5140209197998,,
FOSGP.5T8.F500600700,CZE,2010,24.09571075439453,,
FOSGP.5T8.F500600700,CZE,2011,22.62924957275391,,
FOSGP.5T8.F500600700,CZE,2012,22.45274925231934,,
FOSGP.5T8.F500600700,CZE,2013,23.95829010009766,,
FOSGP.5T8.F500600700,CZE,2014,22.45894050598145,,
FOSGP.5T8.F500600700,CZE,2015,23.17185974121094,,
FOSGP.5T8.F500600700,CZE,2016,23.45063972473145,,
FOSGP.5T8.F500600700,CZE,2017,23.86177062988281,,
FOSGP.5T8.F500600700,CZE,2018,26.11807060241699,,
FOSGP.5T8.F500600700,CZE,2019,25.85884094238281,,
FOSGP.5T8.F500600700,CZE,2020,25.87601089477539,,
FOSGP.5T8.F500600700,CZE,2021,25.46944046020508,,
FOSGP.5T8.F500600700,CZE,2022,24.89887046813965,,
FOSGP.5T8.F500600700,CZE,2023,24.41272926330566,,
FOSGP.5T8.F500600700,DEU,2000,26.91868019104004,,
FOSGP.5T8.F500600700,DEU,2001,26.27932929992676,,
FOSGP.5T8.F500600700,DEU,2002,26.51639938354492,,
FOSGP.5T8.F500600700,DEU,2015,36.74026107788086,,
FOSGP.5T8.F500600700,DEU,2016,36.04018020629883,,
FOSGP.5T8.F500600700,DEU,2017,35.55347061157227,,
FOSGP.5T8.F500600700,DEU,2018,35.30881118774414,,
FOSGP.5T8.F500600700,DEU,2019,36.78192901611328,,
FOSGP.5T8.F500600700,DEU,2020,35.82162094116211,,
FOSGP.5T8.F500600700,DEU,2021,35.13888931274414,,
FOSGP.5T8.F500600700,DEU,2022,35.93262100219727,,
FOSGP.5T8.F500600700,DEU,2023,35.49391937255859,,
FOSGP.5T8.F500600700,DEU,2024,35.76483917236328,,
FOSGP.5T8.F500600700,DJI,2009,46.46781921386719,,
FOSGP.5T8.F500600700,DNK,2000,18.26263046264648,,
FOSGP.5T8.F500600700,DNK,2001,21.82126045227051,,
FOSGP.5T8.F500600700,DNK,2002,22.22986030578613,,
FOSGP.5T8.F500600700,DNK,2003,19.82785034179688,,
FOSGP.5T8.F500600700,DNK,2004,19.47738075256348,,
FOSGP.5T8.F500600700,DNK,2005,18.90592002868652,,
FOSGP.5T8.F500600700,DNK,2006,18.16613960266113,,
FOSGP.5T8.F500600700,DNK,2007,19.97286033630371,,
FOSGP.5T8.F500600700,DNK,2008,19.49189949035645,,
FOSGP.5T8.F500600700,DNK,2009,18.94045066833496,,
FOSGP.5T8.F500600700,DNK,2010,19.40262985229492,,
FOSGP.5T8.F500600700,DNK,2011,20.25871086120605,,
FOSGP.5T8.F500600700,DNK,2012,21.3203296661377,,
FOSGP.5T8.F500600700,DNK,2013,20.44924926757813,,
FOSGP.5T8.F500600700,DNK,2014,20.78268051147461,,
FOSGP.5T8.F500600700,DNK,2015,19.62433052062988,,
FOSGP.5T8.F500600700,DNK,2016,20.46313095092773,,
FOSGP.5T8.F500600700,DNK,2017,20.97698020935059,,
FOSGP.5T8.F500600700,DNK,2018,22.202880859375,,
FOSGP.5T8.F500600700,DNK,2019,22.53786087036133,,
FOSGP.5T8.F500600700,DNK,2020,23.00642967224121,,
FOSGP.5T8.F500600700,DNK,2021,23.9949893951416,,
FOSGP.5T8.F500600700,DNK,2023,25.4136905670166,,
FOSGP.5T8.F500600700,DOM,2015,14.30133544274347,,
FOSGP.5T8.F500600700,DOM,2016,14.07833929636255,,
FOSGP.5T8.F500600700,DOM,2017,11.55196452268566,,
FOSGP.5T8.F500600700,DOM,2020,11.8215935334873,,
FOSGP.5T8.F500600700,DOM,2021,12.05145129352673,,
FOSGP.5T8.F500600700,DOM,2022,12.43242396226711,,
FOSGP.5T8.F500600700,DOM,2023,13.01672048339141,,
FOSGP.5T8.F500600700,DOM,2024,12.63370858539321,,
FOSGP.5T8.F500600700,DZA,2007,25.38279914855957,,
FOSGP.5T8.F500600700,DZA,2009,24.0121898651123,,
FOSGP.5T8.F500600700,DZA,2010,28.62894292062568,,
FOSGP.5T8.F500600700,DZA,2011,25.62770936433038,,
FOSGP.5T8.F500600700,DZA,2015,31.21939190174844,,
FOSGP.5T8.F500600700,DZA,2016,31.06930551245016,,
FOSGP.5T8.F500600700,DZA,2018,34.23497581967958,,
FOSGP.5T8.F500600700,DZA,2019,32.42551505546751,,
FOSGP.5T8.F500600700,DZA,2020,29.58332321130213,,
FOSGP.5T8.F500600700,DZA,2021,30.1299579096132,,
FOSGP.5T8.F500600700,DZA,2022,29.89043456850917,,
FOSGP.5T8.F500600700,DZA,2023,31.14855733730861,,
FOSGP.5T8.F500600700,DZA,2024,30.89651000851217,,
FOSGP.5T8.F500600700,ECU,2007,12.01963043212891,,
FOSGP.5T8.F500600700,ECU,2008,13.28052997589111,,
FOSGP.5T8.F500600700,ECU,2014,14.33887497611361,,
FOSGP.5T8.F500600700,ECU,2015,16.68780763556646,,
FOSGP.5T8.F500600700,ECU,2016,15.8363760540072,,
FOSGP.5T8.F500600700,ECU,2018,9.37841786044804,,
FOSGP.5T8.F500600700,ECU,2019,16.24359470363908,,
FOSGP.5T8.F500600700,ECU,2020,18.29922613929493,,
FOSGP.5T8.F500600700,ECU,2022,19.66629737805083,,
FOSGP.5T8.F500600700,ECU,2023,20.84557931350608,,
FOSGP.5T8.F500600700,EGY,2016,11.24118995666504,,
FOSGP.5T8.F500600700,EGY,2022,16.87924003601074,,
FOSGP.5T8.F500600700,EGY,2023,16.8792397805,,
FOSGP.5T8.F500600700,EGY,2024,14.05012035369873,,
FOSGP.5T8.F500600700,EGY,2025,14.05011835217785,,
FOSGP.5T8.F500600700,ERI,2000,27.03776931762695,,
FOSGP.5T8.F500600700,ERI,2002,17.34317016601563,,
FOSGP.5T8.F500600700,ERI,2003,29.46429061889648,,
FOSGP.5T8.F500600700,ERI,2004,18.97927093505859,,
FOSGP.5T8.F500600700,ERI,2016,29.04854011535645,,
FOSGP.5T8.F500600700,ESP,2000,25.42914962768555,,
FOSGP.5T8.F500600700,ESP,2001,27.28025054931641,,
FOSGP.5T8.F500600700,ESP,2002,27.9344596862793,,
FOSGP.5T8.F500600700,ESP,2003,28.97752952575684,,
FOSGP.5T8.F500600700,ESP,2004,28.76682090759277,,
FOSGP.5T8.F500600700,ESP,2005,27.89454078674316,,
FOSGP.5T8.F500600700,ESP,2006,27.54784965515137,,
FOSGP.5T8.F500600700,ESP,2007,27.1493091583252,,
FOSGP.5T8.F500600700,ESP,2008,26.72246932983398,,
FOSGP.5T8.F500600700,ESP,2009,26.40214920043945,,
FOSGP.5T8.F500600700,ESP,2010,26.30594062805176,,
FOSGP.5T8.F500600700,ESP,2011,25.839599609375,,
FOSGP.5T8.F500600700,ESP,2012,22.78544998168945,,
FOSGP.5T8.F500600700,ESP,2013,25.78223991394043,,
FOSGP.5T8.F500600700,ESP,2014,24.65685081481934,,
FOSGP.5T8.F500600700,ESP,2015,25.37435913085938,,
FOSGP.5T8.F500600700,ESP,2016,23.88039970397949,,
FOSGP.5T8.F500600700,ESP,2017,23.45458030700684,,
FOSGP.5T8.F500600700,ESP,2018,22.26664924621582,,
FOSGP.5T8.F500600700,ESP,2020,20.80768013000488,,
FOSGP.5T8.F500600700,ESP,2021,21.46225929260254,,
FOSGP.5T8.F500600700,ESP,2022,21.34375,,
FOSGP.5T8.F500600700,ESP,2023,21.25528907775879,,
FOSGP.5T8.F500600700,EST,2000,19.41802978515625,,
FOSGP.5T8.F500600700,EST,2001,18.71052932739258,,
FOSGP.5T8.F500600700,EST,2002,17.27202033996582,,
FOSGP.5T8.F500600700,EST,2003,18.92275047302246,,
FOSGP.5T8.F500600700,EST,2004,18.53443908691406,,
FOSGP.5T8.F500600700,EST,2005,22.84406089782715,,
FOSGP.5T8.F500600700,EST,2006,21.61787986755371,,
FOSGP.5T8.F500600700,EST,2007,23.77894020080566,,
FOSGP.5T8.F500600700,EST,2008,23.55223083496094,,
FOSGP.5T8.F500600700,EST,2009,22.69997024536133,,
FOSGP.5T8.F500600700,EST,2010,23.65591049194336,,
FOSGP.5T8.F500600700,EST,2011,24.21372985839844,,
FOSGP.5T8.F500600700,EST,2012,24.83168983459473,,
FOSGP.5T8.F500600700,EST,2013,27.12800025939941,,
FOSGP.5T8.F500600700,EST,2014,26.40823936462402,,
FOSGP.5T8.F500600700,EST,2015,26.47031021118164,,
FOSGP.5T8.F500600700,EST,2016,27.46052932739258,,
FOSGP.5T8.F500600700,EST,2017,28.83992958068848,,
FOSGP.5T8.F500600700,EST,2018,27.73244094848633,,
FOSGP.5T8.F500600700,EST,2019,27.90954971313477,,
FOSGP.5T8.F500600700,EST,2020,27.47613906860352,,
FOSGP.5T8.F500600700,EST,2021,28.12272071838379,,
FOSGP.5T8.F500600700,EST,2022,27.53000068664551,,
FOSGP.5T8.F500600700,EST,2023,26.47192001342773,,
FOSGP.5T8.F500600700,EST,2024,27.01929092407227,,
FOSGP.5T8.F500600700,ETH,2000,10.56161975860596,,
FOSGP.5T8.F500600700,ETH,2002,10.67210960388184,,
FOSGP.5T8.F500600700,ETH,2003,12.40110015869141,,
FOSGP.5T8.F500600700,ETH,2004,13.0088996887207,,
FOSGP.5T8.F500600700,ETH,2005,15.30035972595215,,
FOSGP.5T8.F500600700,ETH,2008,11.21716976165771,,
FOSGP.5T8.F500600700,FIN,2000,28.29196929931641,,
FOSGP.5T8.F500600700,FIN,2001,29.95284080505371,,
FOSGP.5T8.F500600700,FIN,2002,29.09090995788574,,
FOSGP.5T8.F500600700,FIN,2003,30.11128997802734,,
FOSGP.5T8.F500600700,FIN,2004,30.32926940917969,,
FOSGP.5T8.F500600700,FIN,2009,28.47658920288086,,
FOSGP.5T8.F500600700,FIN,2010,32.148681640625,,
FOSGP.5T8.F500600700,FIN,2011,28.1093692779541,,
FOSGP.5T8.F500600700,FIN,2012,27.93169975280762,,
FOSGP.5T8.F500600700,FIN,2013,27.91200065612793,,
FOSGP.5T8.F500600700,FIN,2014,27.75716018676758,,
FOSGP.5T8.F500600700,FIN,2015,28.48546028137207,,
FOSGP.5T8.F500600700,FIN,2016,29.53126907348633,,
FOSGP.5T8.F500600700,FIN,2017,27.25345993041992,,
FOSGP.5T8.F500600700,FIN,2018,28.1202392578125,,
FOSGP.5T8.F500600700,FIN,2019,28.37907028198242,,
FOSGP.5T8.F500600700,FIN,2020,27.94063949584961,,
FOSGP.5T8.F500600700,FIN,2021,28.21322059631348,,
FOSGP.5T8.F500600700,FIN,2022,29.39967918395996,,
FOSGP.5T8.F500600700,FIN,2023,29.24861907958984,,
FOSGP.5T8.F500600700,FJI,2016,25.57640750670241,,
FOSGP.5T8.F500600700,FJI,2019,17.14975845410628,,
FOSGP.5T8.F500600700,FRA,2000,30.55257034301758,,
FOSGP.5T8.F500600700,FRA,2002,30.36725044250488,,
FOSGP.5T8.F500600700,FRA,2003,29.88172912597656,,
FOSGP.5T8.F500600700,FRA,2004,27.67510986328125,,
FOSGP.5T8.F500600700,FRA,2006,27.69936943054199,,
FOSGP.5T8.F500600700,FRA,2007,27.23559951782227,,
FOSGP.5T8.F500600700,FRA,2008,27.17922973632813,,
FOSGP.5T8.F500600700,FRA,2009,27.02154922485352,,
FOSGP.5T8.F500600700,FRA,2012,26.10246086120605,,
FOSGP.5T8.F500600700,FRA,2013,23.36857032775879,,
FOSGP.5T8.F500600700,FRA,2014,23.73192024230957,,
FOSGP.5T8.F500600700,FRA,2015,25.26712989807129,,
FOSGP.5T8.F500600700,FRA,2016,25.56111907958984,,
FOSGP.5T8.F500600700,FRA,2018,25.39432907104492,,
FOSGP.5T8.F500600700,FRA,2019,25.76939010620117,,
FOSGP.5T8.F500600700,FRA,2020,25.8897705078125,,
FOSGP.5T8.F500600700,FRA,2021,25.55400085449219,,
FOSGP.5T8.F500600700,FRA,2022,30.52601051330566,,
FOSGP.5T8.F500600700,FRA,2023,24.54754066467285,,
FOSGP.5T8.F500600700,GBR,2000,24.9205493927002,,
FOSGP.5T8.F500600700,GBR,2001,27.50637054443359,,
FOSGP.5T8.F500600700,GBR,2002,26.96746063232422,,
FOSGP.5T8.F500600700,GBR,2003,25.90254020690918,,
FOSGP.5T8.F500600700,GBR,2004,22.77503967285156,,
FOSGP.5T8.F500600700,GBR,2005,22.20187950134277,,
FOSGP.5T8.F500600700,GBR,2006,21.77256965637207,,
FOSGP.5T8.F500600700,GBR,2007,21.69634056091309,,
FOSGP.5T8.F500600700,GBR,2008,21.4063892364502,,
FOSGP.5T8.F500600700,GBR,2009,21.81572914123535,,
FOSGP.5T8.F500600700,GBR,2010,22.45952033996582,,
FOSGP.5T8.F500600700,GBR,2011,22.4376392364502,,
FOSGP.5T8.F500600700,GBR,2012,21.93527030944824,,
FOSGP.5T8.F500600700,GBR,2013,25.18131065368652,,
FOSGP.5T8.F500600700,GBR,2014,25.59524917602539,,
FOSGP.5T8.F500600700,GBR,2015,26.14690017700195,,
FOSGP.5T8.F500600700,GBR,2016,26.31962013244629,,
FOSGP.5T8.F500600700,GBR,2019,26.24662017822266,,
FOSGP.5T8.F500600700,GBR,2020,22.7542896270752,,
FOSGP.5T8.F500600700,GBR,2021,22.26078987121582,,
FOSGP.5T8.F500600700,GBR,2023,22.82567024230957,,
FOSGP.5T8.F500600700,GEO,2000,22.98324966430664,,
FOSGP.5T8.F500600700,GEO,2001,22.27462959289551,,
FOSGP.5T8.F500600700,GEO,2002,22.64092063903809,,
FOSGP.5T8.F500600700,GEO,2003,23.54060935974121,,
FOSGP.5T8.F500600700,GEO,2004,24.17797088623047,,
FOSGP.5T8.F500600700,GEO,2006,21.59538078308105,,
FOSGP.5T8.F500600700,GEO,2007,16.2247200012207,,
FOSGP.5T8.F500600700,GEO,2010,17.44868035190616,,
FOSGP.5T8.F500600700,GEO,2012,20.90360772925277,,
FOSGP.5T8.F500600700,GEO,2016,21.70313944784466,,
FOSGP.5T8.F500600700,GEO,2017,21.87618048268625,,
FOSGP.5T8.F500600700,GEO,2018,21.23757734858428,,
FOSGP.5T8.F500600700,GEO,2019,24.55977382875606,,
FOSGP.5T8.F500600700,GEO,2020,18.63929944129651,,
FOSGP.5T8.F500600700,GEO,2021,19.57871769050017,,
FOSGP.5T8.F500600700,GEO,2022,19.6420702979358,,
FOSGP.5T8.F500600700,GEO,2023,18.56669026944434,,
FOSGP.5T8.F500600700,GEO,2025,15.35873031616211,,
FOSGP.5T8.F500600700,GHA,2015,14.23553474033673,,
FOSGP.5T8.F500600700,GHA,2016,12.23637043390293,,
FOSGP.5T8.F500600700,GHA,2017,13.38852276087019,,
FOSGP.5T8.F500600700,GHA,2018,16.36783952527441,,
FOSGP.5T8.F500600700,GHA,2019,16.41171554403659,,
FOSGP.5T8.F500600700,GHA,2020,15.21646598121471,,
FOSGP.5T8.F500600700,GHA,2021,16.72151627308578,,
FOSGP.5T8.F500600700,GHA,2022,14.27633098510221,,
FOSGP.5T8.F500600700,GHA,2023,16.57734014707715,,
FOSGP.5T8.F500600700,GHA,2024,18.71125030517578,,
FOSGP.5T8.F500600700,GMB,2004,20,,
FOSGP.5T8.F500600700,GMB,2011,54.13647842407227,,
FOSGP.5T8.F500600700,GMB,2025,2.366260051727295,,
FOSGP.5T8.F500600700,GRC,2004,28.27672004699707,,
FOSGP.5T8.F500600700,GRC,2005,27.99806022644043,,
FOSGP.5T8.F500600700,GRC,2007,22.10334968566895,,
FOSGP.5T8.F500600700,GRC,2008,24.89246940612793,,
FOSGP.5T8.F500600700,GRC,2010,27.94076919555664,,
FOSGP.5T8.F500600700,GRC,2011,28.55961990356445,,
FOSGP.5T8.F500600700,GRC,2012,29.35794067382813,,
FOSGP.5T8.F500600700,GRC,2013,31.13862991333008,,
FOSGP.5T8.F500600700,GRC,2014,29.91679954528809,,
FOSGP.5T8.F500600700,GRC,2016,28.16142082214355,,
FOSGP.5T8.F500600700,GRC,2017,29.40377044677734,,
FOSGP.5T8.F500600700,GRC,2018,28.26687049865723,,
FOSGP.5T8.F500600700,GRC,2019,27.33826065063477,,
FOSGP.5T8.F500600700,GRC,2020,27.42243957519531,,
FOSGP.5T8.F500600700,GRC,2021,27.49859046936035,,
FOSGP.5T8.F500600700,GRC,2022,26.19297981262207,,
FOSGP.5T8.F500600700,GRD,2015,13.24158000946045,,
FOSGP.5T8.F500600700,GRD,2017,12.98425006866455,,
FOSGP.5T8.F500600700,GRD,2018,15.67901039123535,,
FOSGP.5T8.F500600700,GTM,2002,12.6529598236084,,
FOSGP.5T8.F500600700,GTM,2007,16.76272010803223,,
FOSGP.5T8.F500600700,GTM,2014,11.04502026097624,,
FOSGP.5T8.F500600700,GTM,2015,9.76543942992874,,
FOSGP.5T8.F500600700,GUY,2004,21.19322967529297,,
FOSGP.5T8.F500600700,GUY,2005,15.19999980926514,,
FOSGP.5T8.F500600700,GUY,2006,15.2050895690918,,
FOSGP.5T8.F500600700,GUY,2007,14.07497978210449,,
FOSGP.5T8.F500600700,GUY,2008,13.00115013122559,,
FOSGP.5T8.F500600700,GUY,2009,17.13114929199219,,
FOSGP.5T8.F500600700,GUY,2010,14.62522983551025,,
FOSGP.5T8.F500600700,GUY,2011,14.10935020446777,,
FOSGP.5T8.F500600700,GUY,2012,14.20022010803223,,
FOSGP.5T8.F500600700,HKG,2003,37.95341873168945,NAT_EST,
FOSGP.5T8.F500600700,HKG,2004,35.05789184570313,,
FOSGP.5T8.F500600700,HKG,2005,35.89632034301758,,
FOSGP.5T8.F500600700,HKG,2006,34.83203887939453,,
FOSGP.5T8.F500600700,HND,2003,13.23134994506836,,
FOSGP.5T8.F500600700,HND,2010,12.19828704905269,,
FOSGP.5T8.F500600700,HND,2012,14.20328450954283,,
FOSGP.5T8.F500600700,HND,2015,14.71532982635818,,
FOSGP.5T8.F500600700,HND,2016,15.45854856465408,,
FOSGP.5T8.F500600700,HND,2017,15.023810527203,,
FOSGP.5T8.F500600700,HND,2018,15.20226007206027,,
FOSGP.5T8.F500600700,HND,2019,15.73269171064887,,
FOSGP.5T8.F500600700,HND,2024,22.80888938903809,,
FOSGP.5T8.F500600700,HRV,2000,27.28223991394043,,
FOSGP.5T8.F500600700,HRV,2001,25.09502983093262,,
FOSGP.5T8.F500600700,HRV,2002,22.83427047729492,,
FOSGP.5T8.F500600700,HRV,2003,21.48630905151367,,
FOSGP.5T8.F500600700,HRV,2005,18.11949920654297,,
FOSGP.5T8.F500600700,HRV,2006,18.04998016357422,,
FOSGP.5T8.F500600700,HRV,2007,20.69462013244629,,
FOSGP.5T8.F500600700,HRV,2008,22.9564208984375,,
FOSGP.5T8.F500600700,HRV,2009,24.55116081237793,,
FOSGP.5T8.F500600700,HRV,2010,20.39775085449219,,
FOSGP.5T8.F500600700,HRV,2012,24.2014102935791,,
FOSGP.5T8.F500600700,HRV,2014,23.7077693939209,,
FOSGP.5T8.F500600700,HRV,2015,23.86288070678711,,
FOSGP.5T8.F500600700,HRV,2016,25.29388046264648,,
FOSGP.5T8.F500600700,HRV,2017,27.01461982727051,,
FOSGP.5T8.F500600700,HRV,2018,26.33353996276855,,
FOSGP.5T8.F500600700,HRV,2019,27.26621055603027,,
FOSGP.5T8.F500600700,HRV,2020,28.49309921264648,,
FOSGP.5T8.F500600700,HRV,2022,28.72690963745117,,
FOSGP.5T8.F500600700,HRV,2023,28.43724060058594,,
FOSGP.5T8.F500600700,HUN,2000,13.21910953521729,,
FOSGP.5T8.F500600700,HUN,2001,11.20728015899658,,
FOSGP.5T8.F500600700,HUN,2002,13.88852977752686,,
FOSGP.5T8.F500600700,HUN,2003,12.76661968231201,,
FOSGP.5T8.F500600700,HUN,2004,11.35138988494873,,
FOSGP.5T8.F500600700,HUN,2005,11.73054981231689,,
FOSGP.5T8.F500600700,HUN,2006,13.62917995452881,,
FOSGP.5T8.F500600700,HUN,2008,14.81011962890625,,
FOSGP.5T8.F500600700,HUN,2009,16.88592910766602,,
FOSGP.5T8.F500600700,HUN,2010,18.07066917419434,,
FOSGP.5T8.F500600700,HUN,2011,18.37491989135742,,
FOSGP.5T8.F500600700,HUN,2012,18.63104057312012,,
FOSGP.5T8.F500600700,HUN,2013,18.8773307800293,,
FOSGP.5T8.F500600700,HUN,2014,20.78244972229004,,
FOSGP.5T8.F500600700,HUN,2015,22.0676097869873,,
FOSGP.5T8.F500600700,HUN,2016,22.81163024902344,,
FOSGP.5T8.F500600700,HUN,2017,23.26292991638184,,
FOSGP.5T8.F500600700,HUN,2018,22.51725006103516,,
FOSGP.5T8.F500600700,HUN,2019,23.34688949584961,,
FOSGP.5T8.F500600700,HUN,2020,15.4990701675415,,
FOSGP.5T8.F500600700,HUN,2021,21.57106971740723,,
FOSGP.5T8.F500600700,HUN,2022,24.12940979003906,,
FOSGP.5T8.F500600700,HUN,2023,21.84856033325195,,
FOSGP.5T8.F500600700,IDN,2014,20.651080812702,,
FOSGP.5T8.F500600700,IDN,2015,17.30061074960644,,
FOSGP.5T8.F500600700,IDN,2016,18.62334109462963,,
FOSGP.5T8.F500600700,IDN,2017,18.55178850614547,,
FOSGP.5T8.F500600700,IDN,2018,19.4186959810981,,
FOSGP.5T8.F500600700,IND,2013,29.11146582139106,,
FOSGP.5T8.F500600700,IND,2014,30.52554877658113,,
FOSGP.5T8.F500600700,IND,2015,31.08044811881499,,
FOSGP.5T8.F500600700,IND,2016,31.72857327402814,,
FOSGP.5T8.F500600700,IND,2017,32.63760514993557,,
FOSGP.5T8.F500600700,IND,2018,32.64561246514788,,
FOSGP.5T8.F500600700,IND,2019,32.16664593498692,,
FOSGP.5T8.F500600700,IND,2020,33.71128845096369,,
FOSGP.5T8.F500600700,IND,2021,30.68636251696224,,
FOSGP.5T8.F500600700,IND,2022,29.20741606189213,,
FOSGP.5T8.F500600700,IND,2023,27.08568675954302,,
FOSGP.5T8.F500600700,IRL,2000,34.49974822998047,,
FOSGP.5T8.F500600700,IRL,2001,30.80011940002441,,
FOSGP.5T8.F500600700,IRL,2002,29.14852905273438,,
FOSGP.5T8.F500600700,IRL,2003,29.41383934020996,,
FOSGP.5T8.F500600700,IRL,2004,27.68567085266113,,
FOSGP.5T8.F500600700,IRL,2009,21.18730926513672,,
FOSGP.5T8.F500600700,IRL,2010,23.11527061462402,,
FOSGP.5T8.F500600700,IRL,2012,25.08246994018555,,
FOSGP.5T8.F500600700,IRL,2013,21.02223968505859,,
FOSGP.5T8.F500600700,IRL,2014,21.59956932067871,,
FOSGP.5T8.F500600700,IRL,2015,24.86664962768555,,
FOSGP.5T8.F500600700,IRL,2016,25.23179054260254,,
FOSGP.5T8.F500600700,IRL,2018,24.09837913513184,,
FOSGP.5T8.F500600700,IRL,2019,25.31438064575195,,
FOSGP.5T8.F500600700,IRL,2020,26.40819931030273,,
FOSGP.5T8.F500600700,IRL,2021,24.90840911865234,,
FOSGP.5T8.F500600700,IRL,2022,25.84412956237793,,
FOSGP.5T8.F500600700,IRN,2004,37.65653991699219,,
FOSGP.5T8.F500600700,IRN,2005,41.19636917114258,,
FOSGP.5T8.F500600700,IRN,2006,35.47451019287109,,
FOSGP.5T8.F500600700,IRN,2007,41.19636917114258,,
FOSGP.5T8.F500600700,IRN,2009,39.86896133422852,,
FOSGP.5T8.F500600700,IRN,2011,47.09177017211914,,
FOSGP.5T8.F500600700,IRN,2012,47.67718887329102,,
FOSGP.5T8.F500600700,IRN,2015,47.18255996704102,,
FOSGP.5T8.F500600700,IRN,2016,43.8573112487793,,
FOSGP.5T8.F500600700,IRN,2017,40.19528961181641,,
FOSGP.5T8.F500600700,IRN,2018,39.13647079467773,,
FOSGP.5T8.F500600700,IRN,2019,38.9782600402832,,
FOSGP.5T8.F500600700,IRN,2020,36.83763885498047,,
FOSGP.5T8.F500600700,IRN,2021,35.01845169067383,,
FOSGP.5T8.F500600700,IRQ,2004,31.52227020263672,,
FOSGP.5T8.F500600700,ISL,2000,19.73019027709961,,
FOSGP.5T8.F500600700,ISL,2001,19.02227020263672,,
FOSGP.5T8.F500600700,ISL,2002,18.17767906188965,,
FOSGP.5T8.F500600700,ISL,2003,16.41493988037109,,
FOSGP.5T8.F500600700,ISL,2004,16.23422050476074,,
FOSGP.5T8.F500600700,ISL,2005,14.82369041442871,,
FOSGP.5T8.F500600700,ISL,2006,14.50852966308594,,
FOSGP.5T8.F500600700,ISL,2007,12.87963962554932,,
FOSGP.5T8.F500600700,ISL,2008,13.66014957427979,,
FOSGP.5T8.F500600700,ISL,2009,14.67014026641846,,
FOSGP.5T8.F500600700,ISL,2010,15.70489025115967,,
FOSGP.5T8.F500600700,ISL,2018,18.5919303894043,,
FOSGP.5T8.F500600700,ISL,2019,20.20570945739746,,
FOSGP.5T8.F500600700,ISL,2020,18.16979026794434,,
FOSGP.5T8.F500600700,ISL,2021,17.03915977478027,,
FOSGP.5T8.F500600700,ISL,2022,16.87476921081543,,
FOSGP.5T8.F500600700,ISL,2023,16.96603012084961,,
FOSGP.5T8.F500600700,ISR,2020,26.92144012451172,,
FOSGP.5T8.F500600700,ISR,2021,27.17898941040039,,
FOSGP.5T8.F500600700,ISR,2022,27.45647048950195,,
FOSGP.5T8.F500600700,ISR,2023,26.9457893371582,,
FOSGP.5T8.F500600700,ITA,2000,23.28071975708008,,
FOSGP.5T8.F500600700,ITA,2001,25.74423980712891,,
FOSGP.5T8.F500600700,ITA,2002,23.91379928588867,,
FOSGP.5T8.F500600700,ITA,2003,23.48022079467773,,
FOSGP.5T8.F500600700,ITA,2004,22.10994911193848,,
FOSGP.5T8.F500600700,ITA,2005,22.22628974914551,,
FOSGP.5T8.F500600700,ITA,2006,21.70059013366699,,
FOSGP.5T8.F500600700,ITA,2007,21.19487953186035,,
FOSGP.5T8.F500600700,ITA,2008,19.80365943908691,,
FOSGP.5T8.F500600700,ITA,2011,22.23913955688477,,
FOSGP.5T8.F500600700,ITA,2012,20.79649925231934,,
FOSGP.5T8.F500600700,ITA,2013,24.13216972351074,,
FOSGP.5T8.F500600700,ITA,2014,23.84860992431641,,
FOSGP.5T8.F500600700,ITA,2015,23.34580993652344,,
FOSGP.5T8.F500600700,ITA,2016,23.27630043029785,,
FOSGP.5T8.F500600700,ITA,2018,24.19915962219238,,
FOSGP.5T8.F500600700,ITA,2019,24.4773006439209,,
FOSGP.5T8.F500600700,ITA,2020,22.6780891418457,,
FOSGP.5T8.F500600700,ITA,2021,23.89254951477051,,
FOSGP.5T8.F500600700,ITA,2022,23.38069915771484,,
FOSGP.5T8.F500600700,ITA,2023,23.35446929931641,,
FOSGP.5T8.F500600700,JOR,2004,25.48843002319336,,
FOSGP.5T8.F500600700,JOR,2005,28.19548988342285,,
FOSGP.5T8.F500600700,JOR,2007,25.1119499206543,,
FOSGP.5T8.F500600700,JOR,2015,26.36434064042236,,
FOSGP.5T8.F500600700,JOR,2020,28.42323651452282,,
FOSGP.5T8.F500600700,JOR,2021,26.85173034667969,,
FOSGP.5T8.F500600700,JOR,2022,30.10687962331286,,
FOSGP.5T8.F500600700,JOR,2023,23.1766027441226,,
FOSGP.5T8.F500600700,JOR,2024,22.06677265500795,,
FOSGP.5T8.F500600700,KAZ,2016,26.41198097094499,,
FOSGP.5T8.F500600700,KAZ,2017,23.17789553973268,,
FOSGP.5T8.F500600700,KAZ,2018,24.84142389395,,
FOSGP.5T8.F500600700,KAZ,2019,24.72934181722161,,
FOSGP.5T8.F500600700,KAZ,2020,24.06154383430628,,
FOSGP.5T8.F500600700,KAZ,2024,25.22928577719741,,
FOSGP.5T8.F500600700,KAZ,2025,25.51323323229238,,
FOSGP.5T8.F500600700,KEN,2000,30.52544021606445,,
FOSGP.5T8.F500600700,KEN,2001,30.3477897644043,,
FOSGP.5T8.F500600700,KEN,2016,16.4782426643476,,
FOSGP.5T8.F500600700,KEN,2017,16.62813615298567,,
FOSGP.5T8.F500600700,KEN,2019,19.33229315835595,,
FOSGP.5T8.F500600700,KEN,2024,20.10829670187317,,
FOSGP.5T8.F500600700,KGZ,2001,20.6319694519043,,
FOSGP.5T8.F500600700,KGZ,2002,16.19832038879395,,
FOSGP.5T8.F500600700,KGZ,2003,18.67472076416016,,
FOSGP.5T8.F500600700,KGZ,2004,14.61674976348877,,
FOSGP.5T8.F500600700,KGZ,2005,15.46308040618896,,
FOSGP.5T8.F500600700,KGZ,2006,15.73810005187988,,
FOSGP.5T8.F500600700,KGZ,2007,16.67571067810059,,
FOSGP.5T8.F500600700,KGZ,2008,15.56861019134521,,
FOSGP.5T8.F500600700,KGZ,2009,17.05521011352539,,
FOSGP.5T8.F500600700,KGZ,2010,16.71266937255859,,
FOSGP.5T8.F500600700,KGZ,2011,16.96389007568359,NAT_EST,
FOSGP.5T8.F500600700,KGZ,2012,16.67033958435059,,
FOSGP.5T8.F500600700,KGZ,2015,15.03565979003906,,
FOSGP.5T8.F500600700,KGZ,2016,19.21334334273436,,
FOSGP.5T8.F500600700,KGZ,2017,20.45438069969408,,
FOSGP.5T8.F500600700,KGZ,2018,20.79493260484525,,
FOSGP.5T8.F500600700,KGZ,2019,19.71237003206685,,
FOSGP.5T8.F500600700,KGZ,2020,19.171875,,
FOSGP.5T8.F500600700,KGZ,2021,18.32812647921992,,
FOSGP.5T8.F500600700,KGZ,2022,18.94354719217662,,
FOSGP.5T8.F500600700,KGZ,2023,19.13931779486878,,
FOSGP.5T8.F500600700,KGZ,2024,17.64402560455192,,
FOSGP.5T8.F500600700,KGZ,2025,18.77549693630439,,
FOSGP.5T8.F500600700,KHM,2000,10.44019985198975,,
FOSGP.5T8.F500600700,KHM,2001,10.63683032989502,,
FOSGP.5T8.F500600700,KHM,2002,14.75039958953857,,
FOSGP.5T8.F500600700,KHM,2004,15.43375968933105,,
FOSGP.5T8.F500600700,KHM,2007,14.1409797668457,,
FOSGP.5T8.F500600700,KHM,2008,12.54489040374756,,
FOSGP.5T8.F500600700,KHM,2015,15.42688427786435,,
FOSGP.5T8.F500600700,KHM,2018,20.17933198680566,,
FOSGP.5T8.F500600700,KHM,2019,23.20454899517059,,
FOSGP.5T8.F500600700,KOR,2000,40.42145919799805,,
FOSGP.5T8.F500600700,KOR,2001,41.41957855224609,,
FOSGP.5T8.F500600700,KOR,2002,41.08398056030273,,
FOSGP.5T8.F500600700,KOR,2003,40.77452087402344,,
FOSGP.5T8.F500600700,KOR,2004,38.66941833496094,,
FOSGP.5T8.F500600700,KOR,2005,37.4381103515625,,
FOSGP.5T8.F500600700,KOR,2006,35.86753845214844,,
FOSGP.5T8.F500600700,KOR,2007,34.28087997436523,,
FOSGP.5T8.F500600700,KOR,2008,32.80392837524414,,
FOSGP.5T8.F500600700,KOR,2009,31.24279975891113,,
FOSGP.5T8.F500600700,KOR,2011,32.30717849731445,,
FOSGP.5T8.F500600700,KOR,2015,29.5490608215332,,
FOSGP.5T8.F500600700,KOR,2016,29.90567016601563,,
FOSGP.5T8.F500600700,KOR,2017,29.34420013427734,,
FOSGP.5T8.F500600700,KOR,2019,29.60523986816406,,
FOSGP.5T8.F500600700,KOR,2020,30.18260955810547,,
FOSGP.5T8.F500600700,KOR,2021,30.39129066467285,,
FOSGP.5T8.F500600700,KOR,2022,30.4179801940918,,
FOSGP.5T8.F500600700,KOR,2023,30.93662071228027,,
FOSGP.5T8.F500600700,KOR,2024,31.03605079650879,,
FOSGP.5T8.F500600700,LAO,2001,14.46648025512695,,
FOSGP.5T8.F500600700,LAO,2004,7.346839904785156,,
FOSGP.5T8.F500600700,LAO,2005,15.65133953094482,,
FOSGP.5T8.F500600700,LAO,2009,11.91804981231689,,
FOSGP.5T8.F500600700,LAO,2011,13.4802303314209,,
FOSGP.5T8.F500600700,LAO,2012,12.00152015686035,,
FOSGP.5T8.F500600700,LAO,2015,11.84921013637391,,
FOSGP.5T8.F500600700,LAO,2016,12.42257655282207,,
FOSGP.5T8.F500600700,LAO,2017,16.85877214268382,,
FOSGP.5T8.F500600700,LAO,2018,22.46049661399548,,
FOSGP.5T8.F500600700,LAO,2019,23.1434279415817,,
FOSGP.5T8.F500600700,LBN,2000,20.82957077026367,,
FOSGP.5T8.F500600700,LBN,2001,23.25453948974609,,
FOSGP.5T8.F500600700,LBN,2002,22.6939697265625,,
FOSGP.5T8.F500600700,LBN,2004,21.97965049743652,,
FOSGP.5T8.F500600700,LBN,2005,20.83658027648926,,
FOSGP.5T8.F500600700,LBN,2006,20.13985061645508,,
FOSGP.5T8.F500600700,LBN,2007,23.14723014831543,,
FOSGP.5T8.F500600700,LBN,2008,22.03610038757324,,
FOSGP.5T8.F500600700,LBN,2009,25.13249015808105,,
FOSGP.5T8.F500600700,LBN,2010,24.97977346278317,,
FOSGP.5T8.F500600700,LBN,2011,23.39812391566442,,
FOSGP.5T8.F500600700,LBN,2021,28.14916369618865,,
FOSGP.5T8.F500600700,LBN,2022,28.43521198705942,,
FOSGP.5T8.F500600700,LBN,2023,30.56482911940917,,
FOSGP.5T8.F500600700,LBR,2000,32.31446838378906,,
FOSGP.5T8.F500600700,LCA,2023,14.35743045806885,,
FOSGP.5T8.F500600700,LIE,2003,40.98360824584961,,
FOSGP.5T8.F500600700,LIE,2004,5.479450225830078,,
FOSGP.5T8.F500600700,LIE,2006,34.84848022460938,,
FOSGP.5T8.F500600700,LIE,2007,31.50684928894043,,
FOSGP.5T8.F500600700,LIE,2008,21.98582077026367,,
FOSGP.5T8.F500600700,LIE,2009,14.62263965606689,,
FOSGP.5T8.F500600700,LIE,2010,18.5,,
FOSGP.5T8.F500600700,LIE,2011,21.25984001159668,,
FOSGP.5T8.F500600700,LIE,2012,24.89451026916504,,
FOSGP.5T8.F500600700,LIE,2018,19.63190078735352,,
FOSGP.5T8.F500600700,LIE,2019,18.06167030334473,,
FOSGP.5T8.F500600700,LIE,2020,28.97196006774902,,
FOSGP.5T8.F500600700,LKA,2015,19.48982454625893,,
FOSGP.5T8.F500600700,LKA,2016,23.61168422195678,,
FOSGP.5T8.F500600700,LKA,2017,25.85812950134277,,
FOSGP.5T8.F500600700,LKA,2018,22.96962516156829,,
FOSGP.5T8.F500600700,LKA,2019,25.53183456971894,,
FOSGP.5T8.F500600700,LKA,2020,20.67309657117169,,
FOSGP.5T8.F500600700,LKA,2021,24.46675813895472,,
FOSGP.5T8.F500600700,LKA,2022,24.96428834401001,,
FOSGP.5T8.F500600700,LKA,2023,25.39007325165062,,
FOSGP.5T8.F500600700,LSO,2000,7.299270153045654,,
FOSGP.5T8.F500600700,LSO,2001,5.479450225830078,,
FOSGP.5T8.F500600700,LSO,2002,4.898449897766113,,
FOSGP.5T8.F500600700,LSO,2012,12.5522403717041,,
FOSGP.5T8.F500600700,LSO,2015,11.6722972972973,,
FOSGP.5T8.F500600700,LSO,2017,15.26092233009709,,
FOSGP.5T8.F500600700,LSO,2018,15.35961871750433,,
FOSGP.5T8.F500600700,LTU,2000,26.75408935546875,,
FOSGP.5T8.F500600700,LTU,2001,26.49338912963867,,
FOSGP.5T8.F500600700,LTU,2002,23.97068977355957,,
FOSGP.5T8.F500600700,LTU,2003,23.23097038269043,,
FOSGP.5T8.F500600700,LTU,2004,22.75363922119141,,
FOSGP.5T8.F500600700,LTU,2005,22.88139915466309,,
FOSGP.5T8.F500600700,LTU,2006,23.06023979187012,,
FOSGP.5T8.F500600700,LTU,2007,21.79454040527344,,
FOSGP.5T8.F500600700,LTU,2008,22.35409927368164,,
FOSGP.5T8.F500600700,LTU,2009,22.34538078308105,,
FOSGP.5T8.F500600700,LTU,2010,22.23085975646973,,
FOSGP.5T8.F500600700,LTU,2011,22.55463981628418,,
FOSGP.5T8.F500600700,LTU,2012,23.3865795135498,,
FOSGP.5T8.F500600700,LTU,2013,23.47382926940918,,
FOSGP.5T8.F500600700,LTU,2014,23.71566963195801,,
FOSGP.5T8.F500600700,LTU,2015,23.10199928283691,,
FOSGP.5T8.F500600700,LTU,2016,23.81497955322266,,
FOSGP.5T8.F500600700,LTU,2017,25.66826057434082,,
FOSGP.5T8.F500600700,LTU,2018,26.82267951965332,,
FOSGP.5T8.F500600700,LTU,2019,27.26618957519531,,
FOSGP.5T8.F500600700,LTU,2020,26.0280704498291,,
FOSGP.5T8.F500600700,LTU,2021,25.76630020141602,,
FOSGP.5T8.F500600700,LTU,2022,23.80448913574219,,
FOSGP.5T8.F500600700,LTU,2023,23.68803024291992,,
FOSGP.5T8.F500600700,LUX,2008,23.48992919921875,,
FOSGP.5T8.F500600700,LUX,2012,14.74011039733887,,
FOSGP.5T8.F500600700,LUX,2013,16.25238990783691,,
FOSGP.5T8.F500600700,LUX,2014,13.91446018218994,,
FOSGP.5T8.F500600700,LUX,2015,13.82668018341064,,
FOSGP.5T8.F500600700,LUX,2016,17.89536094665527,,
FOSGP.5T8.F500600700,LUX,2018,18.82486915588379,,
FOSGP.5T8.F500600700,LUX,2019,18.95652008056641,,
FOSGP.5T8.F500600700,LUX,2020,19.24307060241699,,
FOSGP.5T8.F500600700,LUX,2021,19.7833309173584,,
FOSGP.5T8.F500600700,LUX,2022,22.88096046447754,,
FOSGP.5T8.F500600700,LUX,2023,24.24921989440918,,
FOSGP.5T8.F500600700,LVA,2000,16.23852920532227,,
FOSGP.5T8.F500600700,LVA,2001,12.31534004211426,,
FOSGP.5T8.F500600700,LVA,2002,14.32044982910156,,
FOSGP.5T8.F500600700,LVA,2003,13.93826007843018,,
FOSGP.5T8.F500600700,LVA,2004,13.81015968322754,,
FOSGP.5T8.F500600700,LVA,2005,13.50481986999512,,
FOSGP.5T8.F500600700,LVA,2006,12.54638004302979,,
FOSGP.5T8.F500600700,LVA,2007,12.94108963012695,,
FOSGP.5T8.F500600700,LVA,2008,13.83119964599609,,
FOSGP.5T8.F500600700,LVA,2009,14.29615020751953,,
FOSGP.5T8.F500600700,LVA,2010,15.41156959533691,,
FOSGP.5T8.F500600700,LVA,2011,16.86717987060547,,
FOSGP.5T8.F500600700,LVA,2012,20.03539085388184,,
FOSGP.5T8.F500600700,LVA,2013,19.05137062072754,,
FOSGP.5T8.F500600700,LVA,2014,21.31450080871582,,
FOSGP.5T8.F500600700,LVA,2015,20.45708084106445,,
FOSGP.5T8.F500600700,LVA,2016,20.51785087585449,,
FOSGP.5T8.F500600700,LVA,2017,20.8747501373291,,
FOSGP.5T8.F500600700,LVA,2018,20.17184066772461,,
FOSGP.5T8.F500600700,LVA,2019,19.92860984802246,,
FOSGP.5T8.F500600700,LVA,2020,19.33218955993652,,
FOSGP.5T8.F500600700,LVA,2021,19.36492919921875,,
FOSGP.5T8.F500600700,LVA,2022,19.6692008972168,,
FOSGP.5T8.F500600700,LVA,2023,19.42666053771973,,
FOSGP.5T8.F500600700,MAC,2001,3.202330112457275,,
FOSGP.5T8.F500600700,MAC,2002,3.814980030059814,,
FOSGP.5T8.F500600700,MAC,2003,2.592920064926147,,
FOSGP.5T8.F500600700,MAC,2005,5.136879920959473,,
FOSGP.5T8.F500600700,MAC,2006,4.955100059509277,,
FOSGP.5T8.F500600700,MAC,2007,3.870409965515137,,
FOSGP.5T8.F500600700,MAC,2008,3.919830083847046,,
FOSGP.5T8.F500600700,MAC,2009,4.069930076599121,,
FOSGP.5T8.F500600700,MAC,2010,4.519166106254203,,
FOSGP.5T8.F500600700,MAC,2011,7.276018099547511,,
FOSGP.5T8.F500600700,MAC,2012,5.424177277989085,,
FOSGP.5T8.F500600700,MAC,2015,7.102187593646988,,
FOSGP.5T8.F500600700,MAC,2016,6.034009873834338,,
FOSGP.5T8.F500600700,MAC,2017,7.566137566137566,,
FOSGP.5T8.F500600700,MAC,2018,7.660060975609756,,
FOSGP.5T8.F500600700,MAC,2019,7.567502118900594,,
FOSGP.5T8.F500600700,MAC,2020,7.67909715407262,,
FOSGP.5T8.F500600700,MAC,2021,8.93331915346166,,
FOSGP.5T8.F500600700,MAC,2022,9.018318459370596,,
FOSGP.5T8.F500600700,MAC,2023,11.36993418773814,,
FOSGP.5T8.F500600700,MAC,2024,12.0400837571044,,
FOSGP.5T8.F500600700,MAR,2001,18.40242958068848,,
FOSGP.5T8.F500600700,MAR,2007,23.8764705657959,,
FOSGP.5T8.F500600700,MAR,2008,33.65377044677734,,
FOSGP.5T8.F500600700,MAR,2009,35.94377136230469,NAT_EST,
FOSGP.5T8.F500600700,MAR,2010,35.10773130544994,,
FOSGP.5T8.F500600700,MAR,2015,17.12024544602626,,
FOSGP.5T8.F500600700,MAR,2016,18.44541238597587,,
FOSGP.5T8.F500600700,MAR,2017,19.04936589456032,,
FOSGP.5T8.F500600700,MAR,2018,18.95167374388378,,
FOSGP.5T8.F500600700,MAR,2019,20.3867728032006,,
FOSGP.5T8.F500600700,MAR,2020,20.38677024841309,,
FOSGP.5T8.F500600700,MAR,2021,27.2254375509435,,
FOSGP.5T8.F500600700,MAR,2022,27.22543907165527,,
FOSGP.5T8.F500600700,MAR,2023,24.57131958007813,,
FOSGP.5T8.F500600700,MAR,2024,29.74181938171387,,
FOSGP.5T8.F500600700,MCO,2016,0,,NIL
FOSGP.5T8.F500600700,MCO,2017,0,,NIL
FOSGP.5T8.F500600700,MCO,2018,0,,NIL
FOSGP.5T8.F500600700,MCO,2019,0,,NIL
FOSGP.5T8.F500600700,MCO,2020,0,,NIL
FOSGP.5T8.F500600700,MCO,2021,0,,NIL
FOSGP.5T8.F500600700,MCO,2022,0,,NIL
FOSGP.5T8.F500600700,MCO,2023,0,,NIL
FOSGP.5T8.F500600700,MCO,2024,0,,NIL
FOSGP.5T8.F500600700,MDA,2014,24.9582358837287,,
FOSGP.5T8.F500600700,MDA,2015,22.30840141136082,,
FOSGP.5T8.F500600700,MDA,2018,23.47610902871283,,
FOSGP.5T8.F500600700,MDA,2019,24.76057084453193,,
FOSGP.5T8.F500600700,MDA,2020,25.42422105132141,,
FOSGP.5T8.F500600700,MDA,2021,25.00672223716053,,
FOSGP.5T8.F500600700,MDA,2022,23.3061094127846,,
FOSGP.5T8.F500600700,MDA,2023,23.39314104019986,,
FOSGP.5T8.F500600700,MDA,2024,22.86791767004407,,
FOSGP.5T8.F500600700,MDG,2005,20.08791923522949,,
FOSGP.5T8.F500600700,MDG,2006,16.30229949951172,,
FOSGP.5T8.F500600700,MDG,2007,21.3342399597168,,
FOSGP.5T8.F500600700,MDG,2008,20.0182991027832,,
FOSGP.5T8.F500600700,MDG,2009,21.59555053710938,,
FOSGP.5T8.F500600700,MDG,2010,18.92373085021973,,
FOSGP.5T8.F500600700,MDG,2014,22.53833049403748,,
FOSGP.5T8.F500600700,MDG,2015,25.53223902197509,,
FOSGP.5T8.F500600700,MDG,2016,23.24111456747634,,
FOSGP.5T8.F500600700,MDG,2017,22.9621206737261,,
FOSGP.5T8.F500600700,MDG,2018,23.84168262607936,,
FOSGP.5T8.F500600700,MDG,2019,29.0947208404541,,
FOSGP.5T8.F500600700,MDG,2020,24.30069923400879,,
FOSGP.5T8.F500600700,MDG,2021,24.3006993006993,,
FOSGP.5T8.F500600700,MDG,2022,23.51698922019795,,
FOSGP.5T8.F500600700,MDG,2023,24.16473649141733,,
FOSGP.5T8.F500600700,MDV,2017,5.111591072714183,,
FOSGP.5T8.F500600700,MDV,2019,3.593977659057795,,
FOSGP.5T8.F500600700,MEX,2000,24.36202049255371,,
FOSGP.5T8.F500600700,MEX,2001,25.0996208190918,,
FOSGP.5T8.F500600700,MEX,2002,25.3945198059082,,
FOSGP.5T8.F500600700,MEX,2003,28.92856025695801,,
FOSGP.5T8.F500600700,MEX,2005,27.66677093505859,,
FOSGP.5T8.F500600700,MEX,2006,27.32850074768066,,
FOSGP.5T8.F500600700,MEX,2007,26.67837905883789,,
FOSGP.5T8.F500600700,MEX,2008,26.60037994384766,,
FOSGP.5T8.F500600700,MEX,2009,25.92021942138672,,
FOSGP.5T8.F500600700,MEX,2010,25.48405075073242,,
FOSGP.5T8.F500600700,MEX,2011,26.80295944213867,,
FOSGP.5T8.F500600700,MEX,2013,27.4895191192627,,
FOSGP.5T8.F500600700,MEX,2014,28.09653091430664,,
FOSGP.5T8.F500600700,MEX,2015,27.89731025695801,,
FOSGP.5T8.F500600700,MEX,2016,25.48286056518555,,
FOSGP.5T8.F500600700,MEX,2017,25.23913955688477,,
FOSGP.5T8.F500600700,MEX,2019,25.83444976806641,,
FOSGP.5T8.F500600700,MEX,2020,25.82295036315918,,
FOSGP.5T8.F500600700,MEX,2021,24.34013938903809,,
FOSGP.5T8.F500600700,MEX,2022,23.74871063232422,,
FOSGP.5T8.F500600700,MEX,2023,23.7729606628418,,
FOSGP.5T8.F500600700,MHL,2019,0,,NIL
FOSGP.5T8.F500600700,MHL,2022,1.28754997253418,,
FOSGP.5T8.F500600700,MHL,2024,1.212121212121212,,
FOSGP.5T8.F500600700,MKD,2000,30.91613006591797,,
FOSGP.5T8.F500600700,MKD,2001,27.75378036499023,,
FOSGP.5T8.F500600700,MKD,2002,26.879150390625,,
FOSGP.5T8.F500600700,MKD,2003,23.78425979614258,,
FOSGP.5T8.F500600700,MKD,2004,23.32755088806152,,
FOSGP.5T8.F500600700,MKD,2005,23.24600028991699,,
FOSGP.5T8.F500600700,MKD,2006,21.6889705657959,,
FOSGP.5T8.F500600700,MKD,2007,17.51347923278809,,
FOSGP.5T8.F500600700,MKD,2008,17.84407043457031,,
FOSGP.5T8.F500600700,MKD,2009,21.78915977478027,,
FOSGP.5T8.F500600700,MKD,2010,19.62565040588379,,
FOSGP.5T8.F500600700,MKD,2011,21.32294082641602,,
FOSGP.5T8.F500600700,MKD,2012,19.47129058837891,,
FOSGP.5T8.F500600700,MKD,2013,22.21244049072266,,
FOSGP.5T8.F500600700,MKD,2014,21.79727935791016,,
FOSGP.5T8.F500600700,MKD,2015,19.95693016052246,,
FOSGP.5T8.F500600700,MKD,2017,21.88985061645508,,
FOSGP.5T8.F500600700,MKD,2018,23.57011985778809,,
FOSGP.5T8.F500600700,MKD,2020,20.61318969726563,,
FOSGP.5T8.F500600700,MKD,2021,20.61429977416992,,
FOSGP.5T8.F500600700,MKD,2022,22.75436973571777,,
FOSGP.5T8.F500600700,MKD,2023,22.96265029907227,,
FOSGP.5T8.F500600700,MLT,2000,11.9818000793457,,
FOSGP.5T8.F500600700,MLT,2001,9.635549545288086,,
FOSGP.5T8.F500600700,MLT,2002,8.618840217590332,,
FOSGP.5T8.F500600700,MLT,2003,9.130860328674316,,
FOSGP.5T8.F500600700,MLT,2004,10.30303001403809,,
FOSGP.5T8.F500600700,MLT,2005,7.551990032196045,,
FOSGP.5T8.F500600700,MLT,2006,11.0986499786377,,
FOSGP.5T8.F500600700,MLT,2008,12.85816955566406,,
FOSGP.5T8.F500600700,MLT,2009,15.04922962188721,,
FOSGP.5T8.F500600700,MLT,2010,16.66119956970215,,
FOSGP.5T8.F500600700,MLT,2011,21.92749977111816,,
FOSGP.5T8.F500600700,MLT,2013,25.29582023620605,,
FOSGP.5T8.F500600700,MLT,2014,24.8980598449707,,
FOSGP.5T8.F500600700,MLT,2015,24.79129981994629,,
FOSGP.5T8.F500600700,MLT,2016,18.02873992919922,,
FOSGP.5T8.F500600700,MLT,2017,20.30567932128906,,
FOSGP.5T8.F500600700,MLT,2019,17.13293075561523,,
FOSGP.5T8.F500600700,MLT,2020,17.23019981384277,,
FOSGP.5T8.F500600700,MLT,2021,15.15178966522217,,
FOSGP.5T8.F500600700,MLT,2022,15.42471981048584,,
FOSGP.5T8.F500600700,MLT,2023,14.20783042907715,,
FOSGP.5T8.F500600700,MMR,2018,33.66780090332031,,
FOSGP.5T8.F500600700,MNE,2019,20.45363998413086,,
FOSGP.5T8.F500600700,MNG,2000,22.89751052856445,,
FOSGP.5T8.F500600700,MNG,2001,20.24481964111328,,
FOSGP.5T8.F500600700,MNG,2002,19.13870048522949,,
FOSGP.5T8.F500600700,MNG,2003,19.61834907531738,,
FOSGP.5T8.F500600700,MNG,2004,18.2197208404541,,
FOSGP.5T8.F500600700,MNG,2005,18.84181022644043,,
FOSGP.5T8.F500600700,MNG,2006,19.54038047790527,,
FOSGP.5T8.F500600700,MNG,2007,18.27820014953613,,
FOSGP.5T8.F500600700,MNG,2008,17.37896919250488,,
FOSGP.5T8.F500600700,MNG,2009,18.6112003326416,,
FOSGP.5T8.F500600700,MNG,2010,17.58585097776662,,
FOSGP.5T8.F500600700,MNG,2011,18.88023948669434,,
FOSGP.5T8.F500600700,MNG,2012,18.58335794645973,,
FOSGP.5T8.F500600700,MNG,2013,19.47710487444608,,
FOSGP.5T8.F500600700,MNG,2014,19.98237685114124,,
FOSGP.5T8.F500600700,MNG,2015,20.26526233664911,,
FOSGP.5T8.F500600700,MNG,2016,21.55070499697241,,
FOSGP.5T8.F500600700,MNG,2017,21.55069923400879,,
FOSGP.5T8.F500600700,MNG,2018,25.33602905273438,,
FOSGP.5T8.F500600700,MNG,2019,23.14871025085449,,
FOSGP.5T8.F500600700,MNG,2020,18.65151952761465,,
FOSGP.5T8.F500600700,MNG,2021,17.84054669703873,,
FOSGP.5T8.F500600700,MNG,2022,17.4830573904092,,
FOSGP.5T8.F500600700,MNG,2023,17.13663581927055,,
FOSGP.5T8.F500600700,MNG,2024,20.65982619342303,,
FOSGP.5T8.F500600700,MOZ,2004,15.32314014434814,,
FOSGP.5T8.F500600700,MOZ,2005,12.14385032653809,,
FOSGP.5T8.F500600700,MOZ,2006,7.598249912261963,UIS_EST,
FOSGP.5T8.F500600700,MOZ,2008,10.75177001953125,,
FOSGP.5T8.F500600700,MOZ,2009,10.73764991760254,,
FOSGP.5T8.F500600700,MOZ,2012,4.190289974212646,UIS_EST,
FOSGP.5T8.F500600700,MOZ,2015,10.08820286659316,,
FOSGP.5T8.F500600700,MOZ,2016,11.87787765840824,,
FOSGP.5T8.F500600700,MOZ,2017,9.03266135333646,,
FOSGP.5T8.F500600700,MOZ,2018,9.560008262755629,,
FOSGP.5T8.F500600700,MRT,2016,20.23064250411862,,
FOSGP.5T8.F500600700,MRT,2020,34.55074337427278,,
FOSGP.5T8.F500600700,MUS,2017,23.31117824773414,,
FOSGP.5T8.F500600700,MUS,2020,21.60911356354574,,
FOSGP.5T8.F500600700,MUS,2021,24.75311639954671,,
FOSGP.5T8.F500600700,MUS,2022,19.23896204492641,,
FOSGP.5T8.F500600700,MUS,2023,21.78244972577696,,
FOSGP.5T8.F500600700,MYS,2004,45.02602005004883,,
FOSGP.5T8.F500600700,MYS,2006,42.68078994750977,,
FOSGP.5T8.F500600700,MYS,2007,45.46371841430664,,
FOSGP.5T8.F500600700,MYS,2008,40.24145126342773,,
FOSGP.5T8.F500600700,MYS,2009,37.72045135498047,,
FOSGP.5T8.F500600700,MYS,2010,36.85589981079102,,
FOSGP.5T8.F500600700,MYS,2011,37.82852172851563,,
FOSGP.5T8.F500600700,MYS,2012,31.63178062438965,,
FOSGP.5T8.F500600700,MYS,2015,27.10374139347199,,
FOSGP.5T8.F500600700,MYS,2016,33.75054480570945,,
FOSGP.5T8.F500600700,MYS,2017,32.10216584849777,,
FOSGP.5T8.F500600700,MYS,2018,40.77330431628582,,
FOSGP.5T8.F500600700,MYS,2019,39.17365378212308,,
FOSGP.5T8.F500600700,MYS,2020,38.9046431626654,,
FOSGP.5T8.F500600700,MYS,2021,43.52581096434617,,
FOSGP.5T8.F500600700,MYS,2022,40.23244883134641,,
FOSGP.5T8.F500600700,MYS,2023,41.10345989935713,,
FOSGP.5T8.F500600700,MYS,2024,35.08336161394438,,
FOSGP.5T8.F500600700,NAM,2001,1.970440030097961,,
FOSGP.5T8.F500600700,NAM,2003,6.764259815216064,,
FOSGP.5T8.F500600700,NAM,2005,3.759089946746826,,
FOSGP.5T8.F500600700,NAM,2014,17.89210581128932,,
FOSGP.5T8.F500600700,NAM,2015,16.17619840829169,,
FOSGP.5T8.F500600700,NAM,2016,12.97532362459547,,
FOSGP.5T8.F500600700,NAM,2017,12.11935417944002,,
FOSGP.5T8.F500600700,NAM,2018,12.88110462422389,,
FOSGP.5T8.F500600700,NAM,2019,12.78625954198473,,
FOSGP.5T8.F500600700,NAM,2020,8.92132375897596,,
FOSGP.5T8.F500600700,NAM,2022,10.290882424835,,
FOSGP.5T8.F500600700,NER,2001,24.84774971008301,,
FOSGP.5T8.F500600700,NER,2015,13.7166067801906,,
FOSGP.5T8.F500600700,NER,2016,15.42272551795136,,
FOSGP.5T8.F500600700,NER,2017,13.2182151589242,,
FOSGP.5T8.F500600700,NER,2018,10.42153450002384,,
FOSGP.5T8.F500600700,NER,2019,12.34282478945009,,
FOSGP.5T8.F500600700,NIC,2023,19.53803062438965,,
FOSGP.5T8.F500600700,NLD,2000,16.31534957885742,,
FOSGP.5T8.F500600700,NLD,2001,16.10479927062988,,
FOSGP.5T8.F500600700,NLD,2002,16.44759941101074,,
FOSGP.5T8.F500600700,NLD,2004,16.66115951538086,,
FOSGP.5T8.F500600700,NLD,2010,14.08996963500977,,
FOSGP.5T8.F500600700,NLD,2013,13.84360027313232,,
FOSGP.5T8.F500600700,NLD,2014,14.14241981506348,,
FOSGP.5T8.F500600700,NLD,2017,16.61628913879395,,
FOSGP.5T8.F500600700,NLD,2018,17.45105934143066,,
FOSGP.5T8.F500600700,NLD,2019,18.57757949829102,,
FOSGP.5T8.F500600700,NLD,2020,18.83322906494141,,
FOSGP.5T8.F500600700,NLD,2021,19.33783912658691,,
FOSGP.5T8.F500600700,NLD,2022,20.10648918151855,,
FOSGP.5T8.F500600700,NLD,2023,20.24703025817871,,
FOSGP.5T8.F500600700,NOR,2000,16.70619964599609,,
FOSGP.5T8.F500600700,NOR,2001,16.58357048034668,,
FOSGP.5T8.F500600700,NOR,2002,15.74936008453369,,
FOSGP.5T8.F500600700,NOR,2004,16.48088073730469,,
FOSGP.5T8.F500600700,NOR,2005,16.34779930114746,,
FOSGP.5T8.F500600700,NOR,2007,15.65707969665527,,
FOSGP.5T8.F500600700,NOR,2008,15.7390604019165,,
FOSGP.5T8.F500600700,NOR,2009,15.79959964752197,,
FOSGP.5T8.F500600700,NOR,2010,16.57794952392578,,
FOSGP.5T8.F500600700,NOR,2012,16.32308959960938,,
FOSGP.5T8.F500600700,NOR,2013,19.73374938964844,,
FOSGP.5T8.F500600700,NOR,2014,20.1667308807373,,
FOSGP.5T8.F500600700,NOR,2015,21.00514030456543,,
FOSGP.5T8.F500600700,NOR,2016,20.49173927307129,,
FOSGP.5T8.F500600700,NOR,2017,22.10416984558105,,
FOSGP.5T8.F500600700,NOR,2018,21.81357002258301,,
FOSGP.5T8.F500600700,NOR,2019,20.94598007202148,,
FOSGP.5T8.F500600700,NOR,2020,21.22537040710449,,
FOSGP.5T8.F500600700,NOR,2021,22.96891021728516,,
FOSGP.5T8.F500600700,NOR,2022,21.57456016540527,,
FOSGP.5T8.F500600700,NOR,2023,22.60067939758301,,
FOSGP.5T8.F500600700,NPL,2024,24.9180025419212,,
FOSGP.5T8.F500600700,NZL,2005,18.3036994934082,,
FOSGP.5T8.F500600700,NZL,2013,19.2039909362793,,
FOSGP.5T8.F500600700,NZL,2014,19.586669921875,,
FOSGP.5T8.F500600700,NZL,2015,20.34435081481934,,
FOSGP.5T8.F500600700,NZL,2016,19.88538932800293,,
FOSGP.5T8.F500600700,NZL,2017,21.1761302947998,,
FOSGP.5T8.F500600700,NZL,2018,21.37660026550293,,
FOSGP.5T8.F500600700,NZL,2019,22.99415016174316,,
FOSGP.5T8.F500600700,NZL,2020,23.63030052185059,,
FOSGP.5T8.F500600700,NZL,2021,22.74142074584961,,
FOSGP.5T8.F500600700,NZL,2022,23.01431083679199,,
FOSGP.5T8.F500600700,NZL,2023,23.00235939025879,,
FOSGP.5T8.F500600700,NZL,2024,23.95449066162109,,
FOSGP.5T8.F500600700,OMN,2007,27.67005920410156,,
FOSGP.5T8.F500600700,OMN,2009,33.72616958618164,,
FOSGP.5T8.F500600700,OMN,2010,38.93985728848114,,
FOSGP.5T8.F500600700,OMN,2015,42.5369524321419,,
FOSGP.5T8.F500600700,OMN,2016,44.80853084660882,,
FOSGP.5T8.F500600700,OMN,2017,46.27012412437016,,
FOSGP.5T8.F500600700,OMN,2018,46.14519755862512,,
FOSGP.5T8.F500600700,OMN,2019,44.49869016432484,,
FOSGP.5T8.F500600700,OMN,2020,39.03520804755372,,
FOSGP.5T8.F500600700,OMN,2021,39.47358440474836,,
FOSGP.5T8.F500600700,OMN,2023,33.31456879081288,,
FOSGP.5T8.F500600700,OMN,2024,30.30700771520953,,
FOSGP.5T8.F500600700,PAN,2002,18.37002944946289,,
FOSGP.5T8.F500600700,PAN,2003,19.66502952575684,,
FOSGP.5T8.F500600700,PAN,2004,14.35004043579102,,
FOSGP.5T8.F500600700,PAN,2005,19.25296020507813,,
FOSGP.5T8.F500600700,PAN,2006,20.44819068908691,,
FOSGP.5T8.F500600700,PAN,2007,20.70162010192871,,
FOSGP.5T8.F500600700,PAN,2008,19.52424049377441,,
FOSGP.5T8.F500600700,PAN,2009,19.33567047119141,,
FOSGP.5T8.F500600700,PAN,2010,19.54539205352642,,
FOSGP.5T8.F500600700,PAN,2011,22.13251544810789,,
FOSGP.5T8.F500600700,PAN,2014,16.52119006054303,,
FOSGP.5T8.F500600700,PAN,2015,17.24098190618878,,
FOSGP.5T8.F500600700,PAN,2016,15.42652817980589,,
FOSGP.5T8.F500600700,PAN,2019,16.46420937385955,,
FOSGP.5T8.F500600700,PAN,2020,13.73682205004446,,
FOSGP.5T8.F500600700,PAN,2021,15.23093234378106,,
FOSGP.5T8.F500600700,PAN,2022,13.02069549568623,,
FOSGP.5T8.F500600700,PAN,2023,14.76061252180655,,
FOSGP.5T8.F500600700,PER,2016,23.46783065795898,,
FOSGP.5T8.F500600700,PER,2017,29.64282035827637,,
FOSGP.5T8.F500600700,PHL,2010,25.53067891362885,,
FOSGP.5T8.F500600700,PHL,2011,25.2718027578962,,
FOSGP.5T8.F500600700,PHL,2012,26.04025245637202,,
FOSGP.5T8.F500600700,PHL,2013,25.53067891362885,,
FOSGP.5T8.F500600700,PHL,2014,25.53067891362885,,
FOSGP.5T8.F500600700,PHL,2015,25.2718027578962,,
FOSGP.5T8.F500600700,PHL,2016,26.04025245637202,,
FOSGP.5T8.F500600700,PHL,2017,28.73974990844727,,
FOSGP.5T8.F500600700,PHL,2018,24.55404560035139,,
FOSGP.5T8.F500600700,PHL,2019,23.53593053667225,,
FOSGP.5T8.F500600700,PHL,2020,22.82974052429199,,
FOSGP.5T8.F500600700,PHL,2021,26.26622009277344,,
FOSGP.5T8.F500600700,PHL,2022,22.55792453226634,,
FOSGP.5T8.F500600700,PHL,2023,24.08357063564844,,
FOSGP.5T8.F500600700,PHL,2024,24.95912034244435,,
FOSGP.5T8.F500600700,POL,2011,17.73811912536621,,
FOSGP.5T8.F500600700,POL,2012,18.07946014404297,,
FOSGP.5T8.F500600700,POL,2013,18.76651000976563,,
FOSGP.5T8.F500600700,POL,2014,20.40899085998535,,
FOSGP.5T8.F500600700,POL,2015,22.26564025878906,,
FOSGP.5T8.F500600700,POL,2016,22.85763931274414,,
FOSGP.5T8.F500600700,POL,2017,22.94082069396973,,
FOSGP.5T8.F500600700,POL,2018,21.65398979187012,,
FOSGP.5T8.F500600700,POL,2019,20.80979919433594,,
FOSGP.5T8.F500600700,POL,2020,19.44943046569824,,
FOSGP.5T8.F500600700,POL,2021,19.64237022399902,,
FOSGP.5T8.F500600700,POL,2022,19.42959022521973,,
FOSGP.5T8.F500600700,POL,2023,19.15229034423828,,
FOSGP.5T8.F500600700,PRI,2008,20.11879920959473,,
FOSGP.5T8.F500600700,PRI,2009,17.18318939208984,,
FOSGP.5T8.F500600700,PRI,2011,17.23527908325195,,
FOSGP.5T8.F500600700,PRI,2012,15.93222045898438,,
FOSGP.5T8.F500600700,PRI,2014,16.84893989562988,,
FOSGP.5T8.F500600700,PRI,2015,17.44162940979004,,
FOSGP.5T8.F500600700,PRI,2016,17.72661972045898,,
FOSGP.5T8.F500600700,PRI,2018,18.14633941650391,,
FOSGP.5T8.F500600700,PRI,2023,19.79030990600586,,
FOSGP.5T8.F500600700,PRK,2015,41.80295944213867,,
FOSGP.5T8.F500600700,PRT,2000,18.52333068847656,,
FOSGP.5T8.F500600700,PRT,2002,19.43117904663086,,
FOSGP.5T8.F500600700,PRT,2003,20.38651084899902,,
FOSGP.5T8.F500600700,PRT,2004,23.67581939697266,,
FOSGP.5T8.F500600700,PRT,2005,24.96655082702637,,
FOSGP.5T8.F500600700,PRT,2006,24.40122985839844,,
FOSGP.5T8.F500600700,PRT,2007,29.29002952575684,,
FOSGP.5T8.F500600700,PRT,2008,31.75182914733887,,
FOSGP.5T8.F500600700,PRT,2009,30.08107948303223,,
FOSGP.5T8.F500600700,PRT,2010,26.26416969299316,,
FOSGP.5T8.F500600700,PRT,2011,26.11300086975098,,
FOSGP.5T8.F500600700,PRT,2012,26.4395694732666,,
FOSGP.5T8.F500600700,PRT,2013,27.4805793762207,,
FOSGP.5T8.F500600700,PRT,2014,27.81826972961426,,
FOSGP.5T8.F500600700,PRT,2015,27.90508079528809,,
FOSGP.5T8.F500600700,PRT,2016,29.02334022521973,,
FOSGP.5T8.F500600700,PRT,2017,29.09365081787109,,
FOSGP.5T8.F500600700,PRT,2019,27.98564910888672,,
FOSGP.5T8.F500600700,PRT,2020,27.8243293762207,,
FOSGP.5T8.F500600700,PRT,2021,27.719970703125,,
FOSGP.5T8.F500600700,PRT,2022,27.90494918823242,,
FOSGP.5T8.F500600700,PRT,2023,27.37009048461914,,
FOSGP.5T8.F500600700,PSE,2000,20.1378002166748,,
FOSGP.5T8.F500600700,PSE,2001,20.74641990661621,,
FOSGP.5T8.F500600700,PSE,2003,23.18412017822266,,
FOSGP.5T8.F500600700,PSE,2004,20.96760940551758,,
FOSGP.5T8.F500600700,PSE,2007,16.76811027526855,,
FOSGP.5T8.F500600700,PSE,2008,16.98516082763672,,
FOSGP.5T8.F500600700,PSE,2009,17.31654930114746,,
FOSGP.5T8.F500600700,PSE,2010,16.50665430709131,,
FOSGP.5T8.F500600700,PSE,2011,16.3585893634471,,
FOSGP.5T8.F500600700,PSE,2012,15.9170498492646,,
FOSGP.5T8.F500600700,PSE,2015,16.67673716012085,,
FOSGP.5T8.F500600700,PSE,2016,16.55026162321647,,
FOSGP.5T8.F500600700,PSE,2017,15.8297584104764,,
FOSGP.5T8.F500600700,PSE,2018,15.42122295310815,,
FOSGP.5T8.F500600700,PSE,2019,14.67392497311061,,
FOSGP.5T8.F500600700,PSE,2020,14.77087419941862,,
FOSGP.5T8.F500600700,PSE,2021,15.29877959838576,,
FOSGP.5T8.F500600700,PSE,2022,17.02938565148661,,
FOSGP.5T8.F500600700,PSE,2023,18.16770530704575,,
FOSGP.5T8.F500600700,QAT,2000,21.0256404876709,,
FOSGP.5T8.F500600700,QAT,2001,20.30303001403809,,
FOSGP.5T8.F500600700,QAT,2002,16.95191955566406,,
FOSGP.5T8.F500600700,QAT,2003,16.45022010803223,,
FOSGP.5T8.F500600700,QAT,2008,23.14142036437988,,
FOSGP.5T8.F500600700,QAT,2009,20.62615013122559,,
FOSGP.5T8.F500600700,QAT,2010,24.0024554941682,,
FOSGP.5T8.F500600700,QAT,2011,29.80952380952381,,
FOSGP.5T8.F500600700,QAT,2012,33.57034027425089,,
FOSGP.5T8.F500600700,QAT,2016,29.70370370370371,,
FOSGP.5T8.F500600700,QAT,2017,22.93062850932802,,
FOSGP.5T8.F500600700,QAT,2018,22.54966887417218,,
FOSGP.5T8.F500600700,QAT,2019,24.23355149844988,,
FOSGP.5T8.F500600700,QAT,2020,21.0892639638072,,
FOSGP.5T8.F500600700,QAT,2021,18.93073776273099,,
FOSGP.5T8.F500600700,QAT,2022,17.83311864891942,,
FOSGP.5T8.F500600700,QAT,2023,20.12064343163539,,
FOSGP.5T8.F500600700,QAT,2024,22.1139923654074,,
FOSGP.5T8.F500600700,ROU,2000,25.13100051879883,,
FOSGP.5T8.F500600700,ROU,2001,24.0915699005127,,
FOSGP.5T8.F500600700,ROU,2004,22.96150016784668,,
FOSGP.5T8.F500600700,ROU,2005,22.52737998962402,,
FOSGP.5T8.F500600700,ROU,2006,20.33909034729004,,
FOSGP.5T8.F500600700,ROU,2007,19.68456077575684,,
FOSGP.5T8.F500600700,ROU,2008,17.10860061645508,,
FOSGP.5T8.F500600700,ROU,2009,23.30726051330566,,
FOSGP.5T8.F500600700,ROU,2010,17.8664493560791,,
FOSGP.5T8.F500600700,ROU,2011,21.05117034912109,,
FOSGP.5T8.F500600700,ROU,2013,26.7838306427002,,
FOSGP.5T8.F500600700,ROU,2014,27.99336051940918,,
FOSGP.5T8.F500600700,ROU,2015,28.34848976135254,,
FOSGP.5T8.F500600700,ROU,2016,28.77131080627441,,
FOSGP.5T8.F500600700,ROU,2019,30.00745010375977,,
FOSGP.5T8.F500600700,ROU,2020,29.09165954589844,,
FOSGP.5T8.F500600700,ROU,2021,29.26696014404297,,
FOSGP.5T8.F500600700,ROU,2022,28.35881996154785,,
FOSGP.5T8.F500600700,ROU,2023,28.96544075012207,,
FOSGP.5T8.F500600700,RUS,2009,28.94747924804688,,
FOSGP.5T8.F500600700,RUS,2013,27.04775750663169,,
FOSGP.5T8.F500600700,RUS,2015,29.01871037068025,,
FOSGP.5T8.F500600700,RUS,2016,30.89849535673188,,
FOSGP.5T8.F500600700,RUS,2017,29.96153788141601,,
FOSGP.5T8.F500600700,RUS,2018,31.05893041845803,,
FOSGP.5T8.F500600700,RUS,2019,31.36274214248765,,
FOSGP.5T8.F500600700,RWA,2017,13.75139043381535,,
FOSGP.5T8.F500600700,RWA,2018,16.27052193089929,,
FOSGP.5T8.F500600700,RWA,2019,12.95859610638881,,
FOSGP.5T8.F500600700,RWA,2020,32.10444807708853,,
FOSGP.5T8.F500600700,RWA,2022,31.03403982016698,,
FOSGP.5T8.F500600700,RWA,2023,28.82830626450116,,
FOSGP.5T8.F500600700,RWA,2024,29.53694505998319,,
FOSGP.5T8.F500600700,SAU,2004,9.399060249328613,,
FOSGP.5T8.F500600700,SAU,2005,18.30533027648926,,
FOSGP.5T8.F500600700,SAU,2006,31.65114974975586,,
FOSGP.5T8.F500600700,SAU,2007,24.55270004272461,,
FOSGP.5T8.F500600700,SAU,2008,24.90189933776855,,
FOSGP.5T8.F500600700,SAU,2009,24.68732070922852,,
FOSGP.5T8.F500600700,SAU,2010,35.78201917264012,,
FOSGP.5T8.F500600700,SAU,2011,34.37406855439642,,
FOSGP.5T8.F500600700,SAU,2012,28.96389267716363,,
FOSGP.5T8.F500600700,SAU,2015,23.9236827605579,,
FOSGP.5T8.F500600700,SAU,2016,23.15074814436634,,
FOSGP.5T8.F500600700,SAU,2017,21.91363800256503,,
FOSGP.5T8.F500600700,SAU,2018,21.13604537316228,,
FOSGP.5T8.F500600700,SAU,2019,22.03461939520334,,
FOSGP.5T8.F500600700,SAU,2020,23.3418064246675,,
FOSGP.5T8.F500600700,SAU,2021,22.7804142396613,,
FOSGP.5T8.F500600700,SAU,2022,28.06865665111308,,
FOSGP.5T8.F500600700,SAU,2024,31.52107026823661,,
FOSGP.5T8.F500600700,SDN,2012,16.0206298828125,,
FOSGP.5T8.F500600700,SDN,2015,28.62498092651367,,
FOSGP.5T8.F500600700,SGP,2016,34.50147996897605,,
FOSGP.5T8.F500600700,SGP,2017,34.92926261636453,,
FOSGP.5T8.F500600700,SGP,2018,34.72487508213254,,
FOSGP.5T8.F500600700,SGP,2019,35.39629674896113,,
FOSGP.5T8.F500600700,SGP,2020,36.27394432470174,,
FOSGP.5T8.F500600700,SGP,2021,35.94073412255231,,
FOSGP.5T8.F500600700,SGP,2022,35.94686271872805,,
FOSGP.5T8.F500600700,SGP,2023,35.63605203708031,,
FOSGP.5T8.F500600700,SLE,2000,3.127000093460083,,
FOSGP.5T8.F500600700,SLV,2002,21.26239013671875,,
FOSGP.5T8.F500600700,SLV,2003,21.76963043212891,,
FOSGP.5T8.F500600700,SLV,2005,21.5226993560791,,
FOSGP.5T8.F500600700,SLV,2006,21.04647064208984,,
FOSGP.5T8.F500600700,SLV,2007,22.10519027709961,,
FOSGP.5T8.F500600700,SLV,2008,27.78937911987305,,
FOSGP.5T8.F500600700,SLV,2009,27.40599060058594,,
FOSGP.5T8.F500600700,SLV,2010,26.41464996337891,,
FOSGP.5T8.F500600700,SLV,2011,23.13645935058594,,
FOSGP.5T8.F500600700,SLV,2012,21.66527938842773,,
FOSGP.5T8.F500600700,SLV,2015,22.15794944763184,,
FOSGP.5T8.F500600700,SLV,2016,22.12998008728027,,
FOSGP.5T8.F500600700,SLV,2017,22.28362083435059,,
FOSGP.5T8.F500600700,SLV,2018,21.43305015563965,,
FOSGP.5T8.F500600700,SLV,2019,21.84686088562012,,
FOSGP.5T8.F500600700,SLV,2020,23.42910957336426,,
FOSGP.5T8.F500600700,SLV,2021,20.90896034240723,,
FOSGP.5T8.F500600700,SLV,2022,20.28339958190918,,
FOSGP.5T8.F500600700,SLV,2023,22.37018013000488,,
FOSGP.5T8.F500600700,SMR,2023,21.45594024658203,,
FOSGP.5T8.F500600700,SMR,2024,32.18391036987305,,
FOSGP.5T8.F500600700,SRB,2007,24.68147087097168,,
FOSGP.5T8.F500600700,SRB,2008,21.91576957702637,,
FOSGP.5T8.F500600700,SRB,2009,22.12310028076172,,
FOSGP.5T8.F500600700,SRB,2010,24.48501968383789,,
FOSGP.5T8.F500600700,SRB,2011,26.19037055969238,,
FOSGP.5T8.F500600700,SRB,2012,26.17679977416992,,
FOSGP.5T8.F500600700,SRB,2015,25.8767204284668,,
FOSGP.5T8.F500600700,SRB,2016,25.9090690612793,,
FOSGP.5T8.F500600700,SRB,2017,26.63772010803223,,
FOSGP.5T8.F500600700,SRB,2018,28.12623977661133,,
FOSGP.5T8.F500600700,SRB,2019,28.35467910766602,,
FOSGP.5T8.F500600700,SRB,2020,30.46895027160645,,
FOSGP.5T8.F500600700,SRB,2021,30.10267066955566,,
FOSGP.5T8.F500600700,SRB,2022,29.82234954833984,,
FOSGP.5T8.F500600700,SRB,2023,33.73115921020508,,
FOSGP.5T8.F500600700,SRB,2024,33.76166915893555,,
FOSGP.5T8.F500600700,SVK,2000,22.25649070739746,,
FOSGP.5T8.F500600700,SVK,2001,26.62529945373535,,
FOSGP.5T8.F500600700,SVK,2002,26.1345100402832,,
FOSGP.5T8.F500600700,SVK,2003,25.09419059753418,,
FOSGP.5T8.F500600700,SVK,2004,25.04029083251953,,
FOSGP.5T8.F500600700,SVK,2005,26.81014060974121,,
FOSGP.5T8.F500600700,SVK,2006,24.57328033447266,,
FOSGP.5T8.F500600700,SVK,2007,24.34291076660156,,
FOSGP.5T8.F500600700,SVK,2008,21.30532073974609,,
FOSGP.5T8.F500600700,SVK,2009,21.17190933227539,,
FOSGP.5T8.F500600700,SVK,2010,21.21614074707031,,
FOSGP.5T8.F500600700,SVK,2011,20.74011039733887,,
FOSGP.5T8.F500600700,SVK,2012,21.08216094970703,,
FOSGP.5T8.F500600700,SVK,2013,20.99213027954102,,
FOSGP.5T8.F500600700,SVK,2014,20.83572959899902,,
FOSGP.5T8.F500600700,SVK,2015,21.14030075073242,,
FOSGP.5T8.F500600700,SVK,2017,21.17260932922363,,
FOSGP.5T8.F500600700,SVK,2018,22.07254981994629,,
FOSGP.5T8.F500600700,SVK,2019,21.82074928283691,,
FOSGP.5T8.F500600700,SVK,2020,22.18272972106934,,
FOSGP.5T8.F500600700,SVK,2021,21.30636978149414,,
FOSGP.5T8.F500600700,SVK,2022,21.40834045410156,,
FOSGP.5T8.F500600700,SVK,2023,20.53070068359375,,
FOSGP.5T8.F500600700,SVN,2001,20.3319206237793,,
FOSGP.5T8.F500600700,SVN,2002,20.0238094329834,,
FOSGP.5T8.F500600700,SVN,2003,18.74237060546875,,
FOSGP.5T8.F500600700,SVN,2005,19.14233016967773,,
FOSGP.5T8.F500600700,SVN,2006,17.16534996032715,,
FOSGP.5T8.F500600700,SVN,2007,18.11750984191895,,
FOSGP.5T8.F500600700,SVN,2008,18.98263931274414,,
FOSGP.5T8.F500600700,SVN,2009,19.25518035888672,,
FOSGP.5T8.F500600700,SVN,2010,22.08794975280762,,
FOSGP.5T8.F500600700,SVN,2011,24.29500007629395,,
FOSGP.5T8.F500600700,SVN,2012,25.46611022949219,,
FOSGP.5T8.F500600700,SVN,2013,27.10036087036133,,
FOSGP.5T8.F500600700,SVN,2014,26.78984069824219,,
FOSGP.5T8.F500600700,SVN,2015,25.65080070495605,,
FOSGP.5T8.F500600700,SVN,2017,26.61319923400879,,
FOSGP.5T8.F500600700,SVN,2018,27.23022079467773,,
FOSGP.5T8.F500600700,SVN,2019,27.96894073486328,,
FOSGP.5T8.F500600700,SVN,2020,28.64335060119629,,
FOSGP.5T8.F500600700,SVN,2021,28.14019012451172,,
FOSGP.5T8.F500600700,SVN,2022,29.52951049804688,,
FOSGP.5T8.F500600700,SVN,2023,29.98376083374023,,
FOSGP.5T8.F500600700,SVN,2024,28.25349998474121,,
FOSGP.5T8.F500600700,SWE,2000,31.07807922363281,,
FOSGP.5T8.F500600700,SWE,2001,32.61973190307617,,
FOSGP.5T8.F500600700,SWE,2002,32.33110809326172,,
FOSGP.5T8.F500600700,SWE,2003,30.94132995605469,,
FOSGP.5T8.F500600700,SWE,2004,29.10762977600098,,
FOSGP.5T8.F500600700,SWE,2005,26.06455993652344,,
FOSGP.5T8.F500600700,SWE,2006,26.02511024475098,,
FOSGP.5T8.F500600700,SWE,2007,24.15411949157715,,
FOSGP.5T8.F500600700,SWE,2008,23.86541938781738,,
FOSGP.5T8.F500600700,SWE,2009,24.41584968566895,,
FOSGP.5T8.F500600700,SWE,2010,25.62360000610352,,
FOSGP.5T8.F500600700,SWE,2011,25.9830493927002,,
FOSGP.5T8.F500600700,SWE,2012,27.33252906799316,,
FOSGP.5T8.F500600700,SWE,2013,25.90476036071777,,
FOSGP.5T8.F500600700,SWE,2015,25.99304962158203,,
FOSGP.5T8.F500600700,SWE,2016,26.59001922607422,,
FOSGP.5T8.F500600700,SWE,2017,27.50337028503418,,
FOSGP.5T8.F500600700,SWE,2018,26.63920021057129,,
FOSGP.5T8.F500600700,SWE,2019,27.32246971130371,,
FOSGP.5T8.F500600700,SWE,2020,27.00831985473633,,
FOSGP.5T8.F500600700,SWE,2021,28.16707038879395,,
FOSGP.5T8.F500600700,SWE,2022,28.99386978149414,,
FOSGP.5T8.F500600700,SWE,2023,28.6632194519043,,
FOSGP.5T8.F500600700,SWZ,2000,6.206210136413574,,
FOSGP.5T8.F500600700,SWZ,2001,4.545450210571289,,
FOSGP.5T8.F500600700,SWZ,2002,4.178269863128662,,
FOSGP.5T8.F500600700,SWZ,2005,6.859899997711182,,
FOSGP.5T8.F500600700,SWZ,2006,4.069449901580811,,
FOSGP.5T8.F500600700,SWZ,2015,0,,NIL
FOSGP.5T8.F500600700,SXM,2015,8.51063829787234,,
FOSGP.5T8.F500600700,SXM,2017,2.777777777777778,,
FOSGP.5T8.F500600700,SXM,2022,5.555555555555555,,
FOSGP.5T8.F500600700,SYC,2011,25,,
FOSGP.5T8.F500600700,SYC,2012,0,,NIL
FOSGP.5T8.F500600700,SYC,2015,15.55555555555556,,
FOSGP.5T8.F500600700,SYC,2016,16.23376623376623,,
FOSGP.5T8.F500600700,SYC,2017,15.69767441860465,,
FOSGP.5T8.F500600700,SYC,2018,17.23356009070295,,
FOSGP.5T8.F500600700,SYC,2019,19.85157699443414,,
FOSGP.5T8.F500600700,SYC,2020,28.84160756501182,,
FOSGP.5T8.F500600700,SYC,2021,19.80519480519481,,
FOSGP.5T8.F500600700,SYC,2022,26.25,,
FOSGP.5T8.F500600700,SYC,2023,27.17391304347826,,
FOSGP.5T8.F500600700,SYC,2024,18.50961538461539,,
FOSGP.5T8.F500600700,SYR,2016,22.9636402130127,,
FOSGP.5T8.F500600700,SYR,2022,32.49552154541016,,
FOSGP.5T8.F500600700,TCA,2021,16.12903022766113,,
FOSGP.5T8.F500600700,TCA,2023,11.11110973358154,,
FOSGP.5T8.F500600700,TCA,2024,21.875,,
FOSGP.5T8.F500600700,TCD,2000,13.70629024505615,,
FOSGP.5T8.F500600700,TCD,2020,14.31345054470931,,
FOSGP.5T8.F500600700,THA,2015,26.76973280346354,,
FOSGP.5T8.F500600700,THA,2016,27.85501795028408,,
FOSGP.5T8.F500600700,THA,2022,29.04085010224461,,
FOSGP.5T8.F500600700,THA,2023,31.73637509945608,,
FOSGP.5T8.F500600700,THA,2024,30.06779768243692,,
FOSGP.5T8.F500600700,THA,2025,30.50191399296515,,
FOSGP.5T8.F500600700,TJK,2016,21.45015907287598,,
FOSGP.5T8.F500600700,TJK,2017,22.03606986999512,,
FOSGP.5T8.F500600700,TKM,2019,35.11093554546053,,
FOSGP.5T8.F500600700,TKM,2020,39.90506134023796,,
FOSGP.5T8.F500600700,TKM,2024,37.40551583248212,,
FOSGP.5T8.F500600700,TTO,2019,25.42440032958984,,
FOSGP.5T8.F500600700,TTO,2021,32.34458923339844,,
FOSGP.5T8.F500600700,TTO,2022,35.35454177856445,,
FOSGP.5T8.F500600700,TTO,2023,24.35876083374023,,
FOSGP.5T8.F500600700,TTO,2024,31.27371273712737,,
FOSGP.5T8.F500600700,TUN,2012,43.08377075195313,,
FOSGP.5T8.F500600700,TUN,2015,44.36637115478516,,
FOSGP.5T8.F500600700,TUN,2016,44.44443893432617,,
FOSGP.5T8.F500600700,TUN,2018,43.25471115112305,,
FOSGP.5T8.F500600700,TUN,2020,38.294189453125,,
FOSGP.5T8.F500600700,TUN,2021,38.294189453125,,
FOSGP.5T8.F500600700,TUN,2022,37.87931060791016,,
FOSGP.5T8.F500600700,TUN,2023,37.9281005859375,,
FOSGP.5T8.F500600700,TUR,2000,30.65550994873047,,
FOSGP.5T8.F500600700,TUR,2004,29.29096031188965,,
FOSGP.5T8.F500600700,TUR,2005,28.45119094848633,,
FOSGP.5T8.F500600700,TUR,2006,22.42008972167969,,
FOSGP.5T8.F500600700,TUR,2007,21.93650054931641,,
FOSGP.5T8.F500600700,TUR,2008,22.30426025390625,,
FOSGP.5T8.F500600700,TUR,2009,21.27565002441406,,
FOSGP.5T8.F500600700,TUR,2010,20.62690925598145,,
FOSGP.5T8.F500600700,TUR,2011,22.60329055786133,,
FOSGP.5T8.F500600700,TUR,2012,21.23848915100098,,
FOSGP.5T8.F500600700,TUR,2014,20.21064949035645,,
FOSGP.5T8.F500600700,TUR,2018,19.44189071655273,,
FOSGP.5T8.F500600700,TUR,2019,18.36441040039063,,
FOSGP.5T8.F500600700,TUR,2020,15.21298027038574,,
FOSGP.5T8.F500600700,TUR,2021,15.80482006072998,,
FOSGP.5T8.F500600700,TUR,2022,18.49530029296875,,
FOSGP.5T8.F500600700,TUR,2023,17.43549919128418,,
FOSGP.5T8.F500600700,TZA,2019,9.502372097791945,,
FOSGP.5T8.F500600700,TZA,2021,9.265543695111166,,
FOSGP.5T8.F500600700,TZA,2022,12.60384701743881,,
FOSGP.5T8.F500600700,TZA,2023,13.64890474332534,,
FOSGP.5T8.F500600700,TZA,2024,13.69072894550601,,
FOSGP.5T8.F500600700,UGA,2000,14.41460037231445,,
FOSGP.5T8.F500600700,UGA,2004,11.07540988922119,,
FOSGP.5T8.F500600700,UKR,2001,30.62811088562012,,
FOSGP.5T8.F500600700,UKR,2002,28.70751953125,,
FOSGP.5T8.F500600700,UKR,2003,26.51762962341309,,
FOSGP.5T8.F500600700,UKR,2005,25.05303955078125,,
FOSGP.5T8.F500600700,UKR,2006,24.84074020385742,,
FOSGP.5T8.F500600700,UKR,2007,24.76848983764648,,
FOSGP.5T8.F500600700,UKR,2008,24.77426910400391,,
FOSGP.5T8.F500600700,UKR,2009,25.86379051208496,,
FOSGP.5T8.F500600700,UKR,2010,26.44123299254362,,
FOSGP.5T8.F500600700,UKR,2011,26.49758237822349,,
FOSGP.5T8.F500600700,UKR,2012,25.65992151148762,,
FOSGP.5T8.F500600700,UKR,2015,26.73137423923935,,
FOSGP.5T8.F500600700,UKR,2016,26.65356654988602,,
FOSGP.5T8.F500600700,UKR,2017,24.21928357204367,,
FOSGP.5T8.F500600700,UKR,2018,25.28448780799096,,
FOSGP.5T8.F500600700,UKR,2019,25.05327315870283,,
FOSGP.5T8.F500600700,UKR,2020,24.25451369399257,,
FOSGP.5T8.F500600700,UKR,2021,25.66382096524502,,
FOSGP.5T8.F500600700,UKR,2023,24.06649476052011,,
FOSGP.5T8.F500600700,UKR,2024,23.88987311467561,,
FOSGP.5T8.F500600700,URY,2007,11.73894023895264,,
FOSGP.5T8.F500600700,URY,2008,12.01690006256104,,
FOSGP.5T8.F500600700,URY,2009,13.63741016387939,,
FOSGP.5T8.F500600700,URY,2010,15.60058270427758,,
FOSGP.5T8.F500600700,URY,2017,17.45411172221854,,
FOSGP.5T8.F500600700,URY,2018,18.97708216880939,,
FOSGP.5T8.F500600700,URY,2019,17.22276062577876,,
FOSGP.5T8.F500600700,URY,2020,15.23722627737226,,
FOSGP.5T8.F500600700,URY,2021,18.57000285143998,,
FOSGP.5T8.F500600700,URY,2022,14.54001992693457,,
FOSGP.5T8.F500600700,URY,2023,11.65794264906691,,
FOSGP.5T8.F500600700,USA,2013,15.35387992858887,,
FOSGP.5T8.F500600700,USA,2014,15.76346969604492,,
FOSGP.5T8.F500600700,USA,2015,17.36795043945313,,
FOSGP.5T8.F500600700,USA,2016,17.92020988464355,,
FOSGP.5T8.F500600700,USA,2019,19.23321914672852,,
FOSGP.5T8.F500600700,USA,2020,19.55306053161621,,
FOSGP.5T8.F500600700,USA,2021,20.07167053222656,,
FOSGP.5T8.F500600700,USA,2023,21.76795959472656,,
FOSGP.5T8.F500600700,UZB,2016,32.10533142089844,,
FOSGP.5T8.F500600700,UZB,2017,31.51055908203125,,
FOSGP.5T8.F500600700,UZB,2018,35.15913810624917,,
FOSGP.5T8.F500600700,UZB,2019,34.47680262766696,,
FOSGP.5T8.F500600700,UZB,2020,36.93200989764931,,
FOSGP.5T8.F500600700,UZB,2021,32.79058767884593,,
FOSGP.5T8.F500600700,UZB,2023,36.75667675305881,,
FOSGP.5T8.F500600700,UZB,2024,21.18071506645334,,
FOSGP.5T8.F500600700,UZB,2025,26.62902498968073,,
FOSGP.5T8.F500600700,VEN,2000,26.44799041748047,,
FOSGP.5T8.F500600700,VGB,2002,0,,NIL
FOSGP.5T8.F500600700,VGB,2009,26.89654922485352,,
FOSGP.5T8.F500600700,VGB,2021,37.26067746686304,,
FOSGP.5T8.F500600700,VGB,2022,35.1937984496124,,
FOSGP.5T8.F500600700,VGB,2023,35.60885608856088,,
FOSGP.5T8.F500600700,VNM,2005,21.25387954711914,,
FOSGP.5T8.F500600700,VNM,2007,20.46433067321777,,
FOSGP.5T8.F500600700,VNM,2008,19.76412010192871,,
FOSGP.5T8.F500600700,VNM,2009,19.75733947753906,,
FOSGP.5T8.F500600700,VNM,2010,16.76247024536133,,
FOSGP.5T8.F500600700,VNM,2012,24.0492000579834,,
FOSGP.5T8.F500600700,VNM,2015,23.41543222315961,,
FOSGP.5T8.F500600700,VNM,2016,22.67547586042421,,
FOSGP.5T8.F500600700,WSM,2000,24.38423919677734,,
FOSGP.5T8.F500600700,WSM,2017,9.315589353612168,,
FOSGP.5T8.F500600700,WSM,2018,9.317803660565724,,
FOSGP.5T8.F500600700,WSM,2019,8.07899461400359,,
FOSGP.5T8.F500600700,WSM,2020,7.295373665480427,,
FOSGP.5T8.F500600700,WSM,2021,6.382978723404255,,
FOSGP.5T8.F500600700,WSM,2023,13.91136801541426,,
FOSGP.5T8.F500600700,ZAF,2014,19.55149859123916,,
FOSGP.5T8.F500600700,ZAF,2015,19.58884247096487,,
FOSGP.5T8.F500600700,ZAF,2016,18.48507078448437,,
FOSGP.5T8.F500600700,ZAF,2017,18.57233753503809,,
FOSGP.5T8.F500600700,ZAF,2018,18.28119199753576,,
FOSGP.5T8.F500600700,ZAF,2019,18.32672312991815,,
FOSGP.5T8.F500600700,ZAF,2020,17.41241957474619,,
FOSGP.5T8.F500600700,ZAF,2021,18.71062953901122,,
FOSGP.5T8.F500600700,ZAF,2022,17.70421727571287,,
FOSGP.5T8.F500600700,ZAF,2023,17.391805202566,,
FOSGP.5T8.F500600700,ZWE,2010,25.19502067565918,,
FOSGP.5T8.F500600700,ZWE,2011,24.15719985961914,,
FOSGP.5T8.F500600700,ZWE,2012,24.32908058166504,,
FOSGP.5T8.F500600700,ZWE,2015,30.22402646218614,,
FOSGP.5T8.F500600700,ZWE,2024,23.79207027954737,,